Customer_ID,Full_Name,Customer_Segment,City,State,Occupation_Type,Relationship_Tenure_Years,CIBIL_Score,Digital_Segment,Num_Active_Products,Has_Vehicle_Loan,Has_Home_Loan,Credit_Card_Status,Credit_Card_Variant,Credit_Card_Limit_INR,Vehicle_Loan_Outstanding_INR,Home_Loan_Outstanding_INR,Savings_Avg_Balance_INR,Total_Relationship_Value_INR,Total_Card_Spend_90D_INR,Total_Transactions_90D,Total_Service_Requests,Total_Complaints,Complaints_Resolved,Bank_Initiated_Touchpoints,Customer_Initiated_Touchpoints,Last_Interaction_Date,Campaigns_Targeted,Campaigns_Converted,Total_CrossSell_Revenue_Potential_INR,Preferred_Channel,Product_Engagement_Score,Product_Engagement_Tier,Cross_Sell_Propensity_Score
CUST0001,Swati Deshmukh,Emerging Affluent,Nagpur,Maharashtra,Salaried - Private,0.3,666,Digital Native,1,N,N,Approved-Dormant,Gold,177666,0,0,31324.58,31324.58,0,15,4,0,0,3,2,2026-06-17 00:00:00,2,1,7106.64,WhatsApp Banking,20.6,Low,59.5
CUST0002,Vihaan Deshmukh,Affluent,Mysuru,Karnataka,Salaried - Private,4.9,821,Digital Adopter,2,N,N,Active,Gold,263856,0,0,94176.7,94176.7,270856.56,27,0,0,0,1,2,2026-07-27 00:00:00,1,1,10554.24,ATM,61.8,High,55.7
CUST0003,Siddharth Nair,Emerging Affluent,Ranchi,Jharkhand,Retired,1.3,721,Digital Adopter,3,N,Y,Active,Gold,124329,0,1136231.53,21075.13,1157306.66,107752.99,32,3,0,0,2,3,2026-03-18 00:00:00,1,1,4973.16,Internet Banking,66.6,High,49.2
CUST0004,Sunita Singh,Affluent,Bhopal,Madhya Pradesh,Self-Employed - Business,1.4,746,Digital Adopter,2,N,N,Active,Platinum,416119,0,0,60220.95,60220.95,255218.22,27,2,0,0,1,2,2026-03-25 00:00:00,1,1,16644.76,Internet Banking,54.8,High,56.6
CUST0005,Ishita Agarwal,Affluent,Siliguri,West Bengal,Salaried - Private,8.4,704,Digital Native,2,Y,N,Approved-Dormant,Platinum,394268,373106.01,0,313085.65,686191.66,0,17,3,0,0,1,6,2026-07-14 00:00:00,2,1,15770.72,Call Center / IVR,48,High,74.9
CUST0006,Siddharth Mehta,Emerging Affluent,Surat,Gujarat,Salaried - Government,3.3,740,Digital Adopter,2,N,N,Active,Gold,103864,0,0,40737.82,40737.82,79667.45,27,2,1,1,0,6,2026-07-03 00:00:00,1,1,4154.56,ATM,53.6,High,45.2
CUST0007,Vikram Kulkarni,Emerging Affluent,Kochi,Kerala,Salaried - Private,0.7,730,Digital Adopter,1,N,N,Not Offered Yet,0,0,0,0,44334.94,44334.94,0,8,3,0,0,1,2,2026-07-03 00:00:00,0,0,0,Internet Banking,13.4,Low,56.3
CUST0008,Aditya Kapoor,Emerging Affluent,Kanpur,Uttar Pradesh,Salaried - Private,4.5,701,Digital Adopter,1,N,N,Not Offered Yet,0,0,0,0,27095.67,27095.67,0,15,1,0,0,0,3,2026-06-13 00:00:00,0,0,0,ATM,21,Low,43.8
CUST0009,Aditya Gupta,Affluent,Gurugram,Haryana,Salaried - Private,8.6,621,Digital Adopter,1,N,N,Not Offered Yet,0,0,0,0,51794.47,51794.47,0,18,1,0,0,1,2,2026-07-29 00:00:00,0,0,0,ATM,28,Medium,57.6
CUST0010,Diya Kaur,Affluent,Chandigarh,Chandigarh,Salaried - Private,10.9,839,Digital Adopter,2,Y,N,Not Interested,0,0,253038.52,0,27780.72,280819.24,0,22,3,0,0,1,4,2026-06-04 00:00:00,1,0,0,Call Center / IVR,40,Medium,75.8
CUST0011,Yash Das,Affluent,Gurugram,Haryana,Salaried - Government,1.9,761,Assisted Digital User,1,N,N,Applied - Rejected,0,0,0,0,103224.01,103224.01,0,14,1,0,0,1,3,2026-06-28 00:00:00,1,0,0,ATM,15.8,Low,52.9
CUST0012,Nikhil Jain,Affluent,Rajkot,Gujarat,Self-Employed - Business,1.5,693,Digital Adopter,3,Y,N,Active,Platinum,329100,146143.79,0,87532.51,233676.3,241210.36,24,1,0,0,2,2,2026-07-31 00:00:00,1,1,13164,Branch,67,High,50
CUST0013,Amit Singh,Affluent,Ranchi,Jharkhand,Salaried - Private,1.4,662,Digital Adopter,3,Y,N,Active,Gold,236707,460726.12,0,70698.7,531424.82,115794.14,28,2,0,0,0,5,2026-07-01 00:00:00,1,1,9468.28,Branch,66.8,High,63.2
CUST0014,Ira Nair,Affluent,Coimbatore,Tamil Nadu,Retired,4.4,751,Digital Adopter,1,N,N,Applied - Rejected,0,0,0,0,40263.12,40263.12,0,6,1,2,0,2,3,2026-05-29 00:00:00,1,0,0,Email Campaign,10.8,Low,44.7
CUST0015,Anil Chopra,High Net Worth (HNI),Mumbai,Maharashtra,Salaried - Private,1.1,701,Assisted Digital User,1,N,N,Not Interested,0,0,0,0,181701.62,181701.62,0,12,4,1,1,3,3,2026-06-09 00:00:00,1,0,0,WhatsApp Banking,9.2,Low,54.7
CUST0016,Priya Nambiar,High Net Worth (HNI),Surat,Gujarat,Salaried - Private,4.1,726,Digital Adopter,1,N,N,Not Interested,0,0,0,0,103826,103826,0,17,3,0,0,1,4,2026-06-18 00:00:00,1,0,0,Internet Banking,20.2,Low,55.7
CUST0017,Myra Gupta,Affluent,Indore,Madhya Pradesh,Salaried - Private,4.6,770,Digital Adopter,3,Y,N,Active,Gold,197185,667976.83,0,131114.56,799091.39,212323.42,28,1,0,0,2,2,2026-06-11 00:00:00,1,1,7887.4,Relationship Manager,73.2,Champion,54.2
CUST0018,Arjun Kaur,Affluent,Indore,Madhya Pradesh,Salaried - Government,17.2,620,Digital Adopter,1,N,N,Applied - Rejected,0,0,0,0,48723.8,48723.8,0,15,4,0,0,2,5,2026-07-07 00:00:00,1,0,0,ATM,28,Medium,56.3
CUST0019,Kavita Deshmukh,High Net Worth (HNI),Mysuru,Karnataka,Self-Employed - Professional,5.5,814,Digital Native,3,Y,Y,Not Offered Yet,0,0,687739.36,2101999.72,81843.37,2871582.45,0,28,3,0,0,2,5,2026-06-14 00:00:00,0,0,0,ATM,47,High,94
CUST0020,Gaurav Chopra,Emerging Affluent,Bandipora,Jammu & Kashmir,Salaried - Private,12.3,711,Assisted Digital User,1,N,N,Applied - Rejected,0,0,0,0,34188.33,34188.33,0,18,3,0,0,2,4,2026-07-28 00:00:00,1,0,0,Relationship Manager,28,Medium,54.9
CUST0021,Rohan Mukherjee,Affluent,Mumbai,Maharashtra,Salaried - Private,0.7,756,Digital Adopter,3,N,Y,Active,Platinum,375620,0,5429426.5,47192.21,5476618.71,488368.65,35,1,0,0,2,2,2026-07-17 00:00:00,2,1,15024.8,Internet Banking,65.4,High,55.7
CUST0022,Amit Rao,Emerging Affluent,Kanpur,Uttar Pradesh,Salaried - Government,0.2,819,Digital Adopter,1,N,N,Not Offered Yet,0,0,0,0,38221.17,38221.17,0,13,3,0,0,0,3,2026-04-29 00:00:00,0,0,0,Call Center / IVR,12.4,Low,64.7
CUST0023,Myra Rao,Affluent,Jammu,Jammu & Kashmir,Self-Employed - Business,4,741,Digital Adopter,2,N,N,Active,Platinum,456860,0,0,57650.37,57650.37,84342.33,24,3,0,0,2,2,2026-06-25 00:00:00,1,1,18274.4,Relationship Manager,60,High,60.1
CUST0024,Vivaan Nair,Emerging Affluent,Faridabad,Haryana,Salaried - Private,1.6,651,Digital Native,1,N,N,Not Offered Yet,0,0,0,0,19509.36,19509.36,0,18,4,0,0,1,4,2026-06-14 00:00:00,0,0,0,WhatsApp Banking,15.2,Low,61.1
CUST0025,Aryan Deshmukh,High Net Worth (HNI),Jaipur,Rajasthan,Self-Employed - Professional,4.1,804,Digital Adopter,1,N,N,Approved-Dormant,Platinum,701974,0,0,125743.41,125743.41,0,16,2,0,0,2,2,2026-05-20 00:00:00,2,1,28078.96,SMS Campaign,28.2,Medium,65
CUST0026,Kavita Kaur,Affluent,Delhi,Delhi,Salaried - Private,3.9,843,Digital Adopter,1,N,N,Not Interested,0,0,0,0,126139.38,126139.38,0,16,0,0,0,1,2,2026-06-05 00:00:00,1,0,0,Relationship Manager,19.8,Low,67.1
CUST0027,Ananya Gupta,Emerging Affluent,Gurugram,Haryana,Self-Employed - Professional,6.3,851,Assisted Digital User,1,N,N,Applied - Rejected,0,0,0,0,34672.95,34672.95,0,9,3,0,0,0,6,2026-07-20 00:00:00,1,0,0,Email,24.6,Medium,56.5
CUST0028,Rajesh Chatterjee,High Net Worth (HNI),Varanasi,Uttar Pradesh,Self-Employed - Business,2,750,Digital Adopter,3,N,Y,Active,Signature,1083782,0,2816290.7,158192.14,2974482.84,324527.51,24,0,0,0,1,2,2026-07-27 00:00:00,1,1,43351.28,Relationship Manager,68,High,56.8
CUST0029,Shreya Deshmukh,Affluent,Gurugram,Haryana,Self-Employed - Professional,3,829,Digital Native,3,Y,N,Active,Gold,296255,513745.62,0,110047.06,623792.68,290736.64,40,0,0,0,1,3,2026-07-17 00:00:00,1,1,11850.2,Branch,70,Champion,75.3
CUST0030,Pooja Iyer,High Net Worth (HNI),Delhi,Delhi,Self-Employed - Business,1.3,609,Digital Adopter,1,N,N,Applied - Rejected,0,0,0,0,175579.41,175579.41,0,19,4,1,1,1,7,2026-07-08 00:00:00,1,0,0,Branch,9.6,Low,55.5
CUST0031,Aarav Joshi,Affluent,Jammu,Jammu & Kashmir,Salaried - Private,0.2,740,Assisted Digital User,2,N,Y,Applied - Rejected,0,0,0,3429019.42,76520.81,3505540.23,0,10,3,0,0,0,7,2026-07-24 00:00:00,2,0,0,ATM,24.4,Medium,65.2
CUST0032,Vikram Agarwal,High Net Worth (HNI),Mumbai,Maharashtra,Self-Employed - Professional,20,580,Assisted Digital User,1,N,N,Not Offered Yet,0,0,0,0,171341.88,171341.88,0,18,3,0,0,0,4,2026-07-28 00:00:00,0,0,0,Internet Banking,28,Medium,53.2
CUST0033,Aditi Trivedi,Affluent,Thiruvananthapuram,Kerala,Self-Employed - Business,4.7,736,Assisted Digital User,3,Y,Y,Applied - Rejected,0,0,638772.61,2142919.52,81221.19,2862913.32,0,15,3,0,0,0,8,2026-06-30 00:00:00,2,0,0,Branch,45.4,High,71.7
CUST0034,Anil Gupta,Affluent,Bhopal,Madhya Pradesh,Self-Employed - Professional,1.4,592,Assisted Digital User,1,N,N,Not Interested,0,0,0,0,95075.18,95075.18,0,9,3,2,1,1,7,2026-07-26 00:00:00,1,0,0,Mobile App,4.8,Low,40.4
CUST0035,Siddharth Agarwal,Affluent,Thiruvananthapuram,Kerala,Salaried - Private,4.6,705,Digital Adopter,1,N,N,Not Offered Yet,0,0,0,0,80594.14,80594.14,0,23,1,0,0,0,3,2026-07-15 00:00:00,0,0,0,Email,21.2,Low,61.1
CUST0036,Manish Iyer,Emerging Affluent,Delhi,Delhi,Salaried - Private,4.4,753,Assisted Digital User,4,Y,Y,Active,Gold,241823,98255.33,3232639.81,77794.35,3408689.49,168821.23,27,0,1,0,1,3,2026-04-10 00:00:00,1,1,9672.92,Internet Banking,79.8,Champion,35.6
CUST0037,Ishaan Kulkarni,High Net Worth (HNI),Gurugram,Haryana,Self-Employed - Professional,12.5,776,Digital Adopter,2,N,N,Active,Platinum,458306,0,0,349063.41,349063.41,459636.95,34,1,1,1,1,3,2026-05-17 00:00:00,1,1,18332.24,SMS Campaign,63,High,46.3
CUST0038,Aniket Pillai,Mass Market,Siliguri,West Bengal,Student,2.6,666,Digital Native,1,N,N,Not Offered Yet,0,0,0,0,11051.72,11051.72,0,17,3,0,0,1,4,2026-07-20 00:00:00,0,0,0,ATM,17.2,Low,50.8
CUST0039,Aditya Patel,Emerging Affluent,Kolkata,West Bengal,Salaried - Private,1.7,832,Low Digital Engagement,3,Y,N,Active,Gold,125621,266026.74,0,37509.66,303536.4,80762.72,20,2,1,1,1,6,2026-07-17 00:00:00,1,1,5024.84,Relationship Manager,62.4,High,39.5
CUST0040,Preeti Gupta,Emerging Affluent,Jammu,Jammu & Kashmir,Salaried - Private,1.5,723,Assisted Digital User,2,N,N,Active,Classic,95280,0,0,42780.24,42780.24,93907.45,39,3,0,0,2,2,2026-07-17 00:00:00,1,1,3811.2,SMS Campaign,55,High,44.9
CUST0041,Simran Nambiar,Affluent,Bengaluru,Karnataka,Retired,4.7,739,Assisted Digital User,3,N,Y,Active,Platinum,589657,0,2589101.32,88267.9,2677369.22,361728.24,15,2,1,0,2,3,2026-08-02 00:00:00,1,1,23586.28,Branch,68.4,High,50.4
CUST0042,Preeti Pillai,Affluent,Pune,Maharashtra,Salaried - Private,13.4,603,Digital Adopter,1,N,N,Not Interested,0,0,0,0,50266.39,50266.39,0,10,1,0,0,1,2,2026-06-22 00:00:00,1,0,0,Relationship Manager,28,Medium,51
CUST0043,Meera Singh,Emerging Affluent,Pune,Maharashtra,Salaried - Government,11.4,882,Assisted Digital User,3,N,Y,Active,Gold,292702,0,2896262.28,13990.12,2910252.4,286132.53,26,1,0,0,1,4,2026-07-17 00:00:00,1,1,11708.08,Internet Banking,80,Champion,58.5
CUST0044,Varun Chatterjee,Affluent,Siliguri,West Bengal,Salaried - Private,2.3,797,Digital Adopter,2,N,Y,Approved-Dormant,Platinum,369882,0,2953541.48,84709.2,3038250.68,0,17,1,0,0,1,4,2026-07-13 00:00:00,3,2,40308.41,ATM,44.6,Medium,68.3
CUST0045,Arjun Das,Affluent,Surat,Gujarat,Self-Employed - Business,4.1,711,Digital Adopter,3,Y,N,Active,Platinum,566882,550383.69,0,77206.22,627589.91,415574.68,24,3,0,0,3,4,2026-07-31 00:00:00,1,1,22675.28,Internet Banking,72.2,Champion,53.9
CUST0046,Meera Gupta,Affluent,Delhi,Delhi,Salaried - Government,5.8,748,Low Digital Engagement,1,N,N,Approved-Dormant,Platinum,458944,0,0,87949.83,87949.83,0,12,1,0,0,0,3,2026-07-28 00:00:00,2,1,18357.76,Mobile App,31.6,Medium,44.7
CUST0047,Rahul Agarwal,Mass Market,Guwahati,Assam,Salaried - Government,4.7,682,Digital Adopter,2,Y,N,Applied - Rejected,0,0,219384.56,0,17747.23,237131.79,0,12,3,0,0,2,3,2026-04-19 00:00:00,1,0,0,Branch,33.4,Medium,59.9
CUST0048,Aditya Pillai,Affluent,Pune,Maharashtra,Self-Employed - Business,0.2,783,Digital Adopter,1,N,N,Applied - Rejected,0,0,0,0,28720.94,28720.94,0,17,1,0,0,1,2,2026-07-13 00:00:00,1,0,0,Call Center / IVR,12.4,Low,68.1
CUST0049,Krishna Kapoor,Mass Market,Chandigarh,Chandigarh,Student,3.9,699,Digital Adopter,1,N,N,Not Offered Yet,0,0,0,0,14301.71,14301.71,0,8,3,0,0,1,2,2026-05-26 00:00:00,0,0,0,Tele-calling (Outbound),19.8,Low,42
CUST0050,Dhruv Kapoor,High Net Worth (HNI),Nagpur,Maharashtra,Self-Employed - Business,6.5,719,Low Digital Engagement,1,N,N,Not Offered Yet,0,0,0,0,284621.65,284621.65,0,10,3,0,0,0,5,2026-07-26 00:00:00,0,0,0,WhatsApp Banking,25,Medium,54.4
CUST0051,Nikhil Trivedi,Affluent,Warangal,Telangana,Salaried - Private,8.7,664,Low Digital Engagement,1,N,N,Not Interested,0,0,0,0,76174.5,76174.5,0,10,1,0,0,2,1,2026-06-15 00:00:00,1,0,0,Tele-calling (Outbound),28,Medium,37.2
CUST0052,Anjali Mukherjee,Emerging Affluent,Warangal,Telangana,Salaried - Private,4.7,788,Digital Native,3,N,Y,Active,Gold,202911,0,691811.36,68929,760740.36,273475.1,32,3,0,0,2,3,2026-06-12 00:00:00,2,1,8116.44,Branch,73.4,Champion,62.1
CUST0053,Anil Mehta,Affluent,Thiruvananthapuram,Kerala,Self-Employed - Professional,1.9,823,Digital Adopter,1,N,N,Not Interested,0,0,0,0,63488.51,63488.51,0,16,3,0,0,1,5,2026-07-28 00:00:00,1,0,0,ATM,15.8,Low,64.1
CUST0054,Sai Mukherjee,Affluent,Surat,Gujarat,Retired,0.4,667,Assisted Digital User,3,Y,N,Active,Platinum,342170,82174.67,0,96027.68,178202.35,279343.38,16,2,0,0,1,4,2026-07-10 00:00:00,1,1,13686.8,Relationship Manager,64.8,High,48.7
CUST0055,Rajesh Shah,Affluent,Thiruvananthapuram,Kerala,Salaried - Private,2.3,771,Digital Native,3,N,Y,Active,Platinum,351101,0,2483514.37,60159.1,2543673.47,424147.02,38,4,0,0,3,5,2026-07-18 00:00:00,2,1,14044.04,Call Center / IVR,68.6,High,66.9
CUST0056,Aadhya Sharma,Affluent,Chennai,Tamil Nadu,Salaried - Private,2.5,814,Digital Native,2,N,Y,Not Interested,0,0,0,3425679.94,77277.38,3502957.32,0,21,2,0,0,1,3,2026-06-28 00:00:00,1,0,0,Relationship Manager,29,Medium,87.7
CUST0057,Krishna Rao,Emerging Affluent,Ranchi,Jharkhand,Salaried - Government,0.2,750,Assisted Digital User,2,Y,N,Approved-Dormant,Gold,247467,218106.54,0,33967.7,252074.24,0,15,0,0,0,1,2,2026-05-28 00:00:00,2,1,9898.68,Branch,32.4,Medium,63.8
CUST0058,Rashmi Chatterjee,High Net Worth (HNI),Mysuru,Karnataka,Self-Employed - Professional,16.5,768,Assisted Digital User,1,N,N,Not Interested,0,0,0,0,153902.8,153902.8,0,18,0,0,0,1,0,2025-09-15 00:00:00,1,0,0,Email Campaign,28,Medium,65.1
CUST0059,Gaurav Singh,High Net Worth (HNI),Nagpur,Maharashtra,Self-Employed - Business,1.4,777,Low Digital Engagement,1,N,N,Not Offered Yet,0,0,0,0,111498.76,111498.76,0,7,1,0,0,0,1,2026-03-31 00:00:00,0,0,0,Internet Banking,14.8,Low,57.6
CUST0060,Reyansh Malhotra,Affluent,Faridabad,Haryana,Self-Employed - Business,1,730,Digital Adopter,2,N,N,Active,Gold,274948,0,0,123917.96,123917.96,179248.41,22,4,1,1,3,3,2026-06-25 00:00:00,1,1,10997.92,Tele-calling (Outbound),49,High,61.6
CUST0061,Riya Sharma,Affluent,Jaipur,Rajasthan,Self-Employed - Professional,0.7,648,Digital Adopter,2,N,Y,Not Interested,0,0,0,1325928.32,124797,1450725.32,0,11,3,0,0,2,5,2026-06-30 00:00:00,1,0,0,Relationship Manager,25.4,Medium,70.4
CUST0062,Shreya Nambiar,High Net Worth (HNI),Kochi,Kerala,Self-Employed - Professional,5.3,648,Digital Native,2,N,Y,Not Interested,0,0,0,251023.63,165176.83,416200.46,0,26,3,0,0,1,5,2026-07-01 00:00:00,1,0,0,Branch,34.6,Medium,77.6
CUST0063,Rashmi Nambiar,Emerging Affluent,Ranchi,Jharkhand,Salaried - Private,2.6,753,Assisted Digital User,3,Y,N,Active,Gold,161481,297309.71,0,40930.08,338239.79,82400.44,26,2,0,0,1,5,2026-06-29 00:00:00,1,1,6459.24,WhatsApp Banking,69.2,High,57.3
CUST0064,Aditya Kapoor,Emerging Affluent,Bengaluru,Karnataka,Salaried - Government,2.7,821,Assisted Digital User,1,N,N,Not Offered Yet,0,0,0,0,67170.04,67170.04,0,12,1,0,0,1,1,2026-05-15 00:00:00,0,0,0,Relationship Manager,17.4,Low,56.3
CUST0065,Deepika Jain,Affluent,Siliguri,West Bengal,Salaried - Private,7.8,861,Digital Native,2,N,N,Active,Platinum,440210,0,0,133322.14,133322.14,474139.52,38,0,0,0,1,1,2026-06-16 00:00:00,1,1,17608.4,Email Campaign,67.6,High,72.6
CUST0066,Pooja Joshi,Affluent,Surat,Gujarat,Retired,0.5,755,Assisted Digital User,1,N,N,Approved-Dormant,Platinum,465810,0,0,85326.9,85326.9,0,13,2,0,0,2,3,2026-06-12 00:00:00,2,1,18632.4,Tele-calling (Outbound),21,Low,52.3
CUST0067,Vihaan Chatterjee,Emerging Affluent,Chandigarh,Chandigarh,Salaried - Private,0.2,726,Digital Adopter,3,Y,N,Active,Platinum,314946,393959.98,0,72089.53,466049.51,354389.43,34,3,0,0,1,4,2026-04-25 00:00:00,1,1,12597.84,Internet Banking,64.4,High,45.5
CUST0068,Amit Iyer,Affluent,Gurugram,Haryana,Self-Employed - Business,0.4,642,Digital Adopter,2,Y,N,Not Interested,0,0,726895.07,0,136458.48,863353.55,0,14,3,0,0,2,4,2026-07-17 00:00:00,1,0,0,Internet Banking,24.8,Medium,67.7
CUST0069,Gaurav Bansal,Emerging Affluent,Thiruvananthapuram,Kerala,Salaried - Government,11.4,679,Digital Adopter,3,Y,N,Active,Gold,146313,212928.38,0,34889.95,247818.33,100860.92,25,0,1,0,1,3,2026-07-13 00:00:00,1,1,5852.52,Branch,75,Champion,45.8
CUST0070,Saanvi Agarwal,Affluent,Lucknow,Uttar Pradesh,Salaried - Private,0.6,649,Assisted Digital User,1,N,N,Not Interested,0,0,0,0,195007,195007,0,18,3,0,0,1,3,2026-07-19 00:00:00,1,0,0,Mobile App,13.2,Low,57.8
CUST0071,Aadhya Jain,Emerging Affluent,Jaipur,Rajasthan,Salaried - Private,2.9,687,Digital Adopter,1,N,N,Approved-Dormant,Platinum,328597,0,0,59760.99,59760.99,0,9,3,1,1,1,4,2026-07-05 00:00:00,2,1,13143.88,Branch,20.8,Low,42.2
CUST0072,Amit Mehta,High Net Worth (HNI),Gurugram,Haryana,Retired,0.3,723,Digital Adopter,1,N,N,Not Offered Yet,0,0,0,0,68591.48,68591.48,0,8,3,0,0,1,3,2026-07-07 00:00:00,0,0,0,SMS Campaign,12.6,Low,68
CUST0073,Kavya Gupta,Mass Market,Rajkot,Gujarat,Salaried - Government,2,600,Assisted Digital User,1,N,N,Applied - Rejected,0,0,0,0,8406.1,8406.1,0,11,0,0,0,1,2,2026-07-28 00:00:00,1,0,0,Email Campaign,16,Low,43.6
CUST0074,Vivaan Agarwal,Private Banking / Ultra HNI,Pune,Maharashtra,Self-Employed - Business,17.2,727,Assisted Digital User,2,N,N,Active,Signature,1316455,0,0,145642.09,145642.09,1213567.37,26,3,0,0,2,2,2026-07-04 00:00:00,1,1,52658.2,Tele-calling (Outbound),68,High,54.2
CUST0075,Aniket Agarwal,Emerging Affluent,Kanpur,Uttar Pradesh,Retired,10.5,763,Digital Adopter,1,N,N,Approved-Dormant,Gold,141054,0,0,48179.8,48179.8,0,13,3,0,0,1,5,2026-06-19 00:00:00,2,1,5642.16,Email,36,Medium,59.6
CUST0076,Nisha Das,Mass Market,Pune,Maharashtra,Student,3.4,828,Digital Adopter,1,N,N,Applied - Rejected,0,0,0,0,9555.45,9555.45,0,12,3,0,0,3,2,2026-07-16 00:00:00,1,0,0,WhatsApp Banking,18.8,Low,59.7
CUST0077,Priya Kulkarni,Affluent,Ahmedabad,Gujarat,Salaried - Government,3.9,780,Assisted Digital User,2,N,N,Active,Gold,220431,0,0,114345.94,114345.94,209298.86,30,2,1,1,2,4,2026-07-26 00:00:00,1,1,8817.24,Branch,54.8,High,50.9
CUST0078,Arjun Agarwal,Affluent,Chandigarh,Chandigarh,Self-Employed - Professional,2.7,776,Digital Native,2,N,N,Active,Platinum,551851,0,0,119607.89,119607.89,231662.41,26,4,0,0,2,5,2026-07-29 00:00:00,1,1,22074.04,ATM,57.4,High,55.8
CUST0079,Anita Pillai,High Net Worth (HNI),Indore,Madhya Pradesh,Self-Employed - Professional,1.5,766,Digital Adopter,1,N,N,Not Interested,0,0,0,0,228340.39,228340.39,0,14,1,0,0,1,3,2026-07-02 00:00:00,1,0,0,Email Campaign,15,Low,68.1
CUST0080,Deepika Jain,Emerging Affluent,Thiruvananthapuram,Kerala,Salaried - Government,4,689,Assisted Digital User,3,Y,N,Active,Gold,215773,531083.43,0,24226.7,555310.13,117258.35,22,1,0,0,2,2,2026-06-02 00:00:00,1,1,8630.92,Branch,72,Champion,39.5
CUST0081,Meera Reddy,Affluent,Chandigarh,Chandigarh,Salaried - Government,1,763,Digital Adopter,1,N,N,Not Offered Yet,0,0,0,0,78123.4,78123.4,0,14,3,0,0,0,3,2026-04-19 00:00:00,0,0,0,WhatsApp Banking,14,Low,69.5
CUST0082,Krishna Mehta,Affluent,Mumbai,Maharashtra,Self-Employed - Business,1.7,712,Digital Adopter,1,N,N,Applied - Rejected,0,0,0,0,80844.65,80844.65,0,21,4,0,0,3,3,2026-06-21 00:00:00,1,0,0,Email Campaign,15.4,Low,53.7
CUST0083,Preeti Singh,Affluent,Nagpur,Maharashtra,Self-Employed - Business,0.3,614,Digital Adopter,3,Y,Y,Not Offered Yet,0,0,402415.92,1025472.7,61003.74,1488892.36,0,22,0,1,0,0,5,2026-07-22 00:00:00,1,1,15989.67,Internet Banking,39.6,Medium,69.6
CUST0084,Ishita Agarwal,Affluent,Kanpur,Uttar Pradesh,Retired,1.9,814,Assisted Digital User,1,N,N,Approved-Dormant,Gold,207189,0,0,171872.17,171872.17,0,5,1,0,0,2,2,2026-07-25 00:00:00,2,1,12431.34,Email Campaign,23.8,Medium,58.6
CUST0085,Priya Kapoor,Affluent,Kochi,Kerala,Salaried - Government,0.2,711,Digital Adopter,2,Y,N,Not Interested,0,0,202299.6,0,341088.52,543388.12,0,20,3,0,0,1,5,2026-07-07 00:00:00,1,0,0,Internet Banking,24.4,Medium,73.4
CUST0086,Ishaan Gupta,Emerging Affluent,Mysuru,Karnataka,Salaried - Government,1.4,722,Digital Adopter,2,N,N,Active,Gold,205414,0,0,35707.48,35707.48,180383.55,26,0,1,1,1,2,2026-07-11 00:00:00,1,1,8216.56,Tele-calling (Outbound),49.8,High,44.4
CUST0087,Kavita Verma,Affluent,Nagpur,Maharashtra,Self-Employed - Business,9,858,Digital Adopter,4,Y,Y,Active,Gold,257995,501303.24,735300.05,72027.49,1308630.78,89718.49,36,2,0,0,1,6,2026-07-17 00:00:00,2,1,10319.8,ATM,92,Champion,64.9
CUST0088,Anil Gupta,Affluent,Faridabad,Haryana,Self-Employed - Business,5.2,687,Digital Native,1,N,N,Approved-Dormant,Gold,226393,0,0,83864.53,83864.53,0,21,2,1,1,2,2,2026-03-17 00:00:00,2,1,9055.72,WhatsApp Banking,25.4,Medium,61.7
CUST0089,Divya Menon,Emerging Affluent,Kolkata,West Bengal,Salaried - Private,0.3,865,Assisted Digital User,1,N,N,Approved-Dormant,Classic,83778,0,0,19153.47,19153.47,0,9,3,1,0,1,4,2026-07-26 00:00:00,2,1,5026.68,Internet Banking,15.6,Low,51.7
CUST0090,Deepak Patel,Affluent,Surat,Gujarat,Self-Employed - Business,7.1,630,Digital Adopter,1,N,N,Not Interested,0,0,0,0,121989.17,121989.17,0,9,2,0,0,1,3,2026-07-05 00:00:00,1,0,0,Email Campaign,26.2,Medium,53.3
CUST0091,Varun Khanna,Mass Market,Chandigarh,Chandigarh,Student,1.2,877,Assisted Digital User,1,N,N,Not Offered Yet,0,0,0,0,5177.63,5177.63,0,11,1,1,1,0,2,2026-06-21 00:00:00,0,0,0,Mobile App,9.4,Low,41.3
CUST0092,Sai Iyer,Affluent,Surat,Gujarat,Salaried - Private,2.2,900,Digital Adopter,1,N,N,Not Offered Yet,0,0,0,0,37371.89,37371.89,0,22,3,1,0,1,4,2026-06-01 00:00:00,0,0,0,WhatsApp Banking,11.4,Low,60.4
CUST0093,Preeti Kapoor,Emerging Affluent,Delhi,Delhi,Salaried - Private,6.9,826,Digital Native,2,N,N,Active,Gold,121369,0,0,43363.12,43363.12,81725.72,29,2,0,0,0,4,2026-07-18 00:00:00,1,1,4854.76,WhatsApp Banking,65.8,High,61.4
CUST0094,Nikhil Pillai,Emerging Affluent,Ranchi,Jharkhand,Salaried - Private,5.1,736,Digital Adopter,2,Y,N,Not Offered Yet,0,0,522656.95,0,64591.27,587248.22,0,15,0,1,0,0,4,2026-06-05 00:00:00,0,0,0,Branch,29.2,Medium,58
CUST0095,Gaurav Nambiar,High Net Worth (HNI),Delhi,Delhi,Self-Employed - Professional,4.8,699,Digital Adopter,2,N,N,Active,Platinum,576438,0,0,163288.81,163288.81,317685.42,34,3,0,0,1,3,2026-07-06 00:00:00,1,1,23057.52,WhatsApp Banking,61.6,High,64.9
CUST0096,Aryan Deshmukh,Affluent,Warangal,Telangana,Salaried - Private,5.2,693,Digital Adopter,2,Y,N,Not Offered Yet,0,0,761630.75,0,55086.67,816717.42,0,16,0,0,0,0,1,2025-06-01 00:00:00,0,0,0,Branch,34.4,Medium,65.9
CUST0097,Anjali Rao,Affluent,Jammu,Jammu & Kashmir,Self-Employed - Professional,3.2,757,Digital Native,2,N,Y,Not Offered Yet,0,0,0,4834413.38,73673.68,4908087.06,0,20,0,1,0,0,3,2026-05-31 00:00:00,0,0,0,Internet Banking,25.4,Medium,72.9
CUST0098,Aryan Gupta,Mass Market,Mumbai,Maharashtra,Student,5,728,Digital Adopter,1,N,N,Not Offered Yet,0,0,0,0,2736,2736,0,11,2,1,0,1,3,2026-06-25 00:00:00,0,0,0,Internet Banking,17,Low,37.7
CUST0099,Aadhya Chatterjee,Emerging Affluent,Mysuru,Karnataka,Retired,3.4,573,Low Digital Engagement,1,N,N,Applied - Rejected,0,0,0,0,66409.93,66409.93,0,9,2,1,0,1,3,2026-07-25 00:00:00,1,0,0,Call Center / IVR,13.8,Low,18.5
CUST0100,Simran Kulkarni,Affluent,Gurugram,Haryana,Salaried - Private,1.6,772,Assisted Digital User,2,N,N,Active,Platinum,411590,0,0,112836.11,112836.11,263340.18,25,2,0,0,1,3,2026-07-10 00:00:00,1,1,16463.6,Tele-calling (Outbound),55.2,High,52.1
CUST0101,Nisha Nair,Affluent,Delhi,Delhi,Self-Employed - Professional,2.3,720,Digital Native,1,N,N,Not Offered Yet,0,0,0,0,65778.67,65778.67,0,14,3,0,0,1,3,2026-06-25 00:00:00,0,0,0,Mobile App,16.6,Low,63
CUST0102,Reyansh Reddy,High Net Worth (HNI),Patna,Bihar,Salaried - Private,0.2,762,Digital Native,2,N,N,Active,Platinum,681147,0,0,523345.53,523345.53,511030.82,39,2,0,0,2,3,2026-07-31 00:00:00,1,1,27245.88,Tele-calling (Outbound),52.4,High,72.5
CUST0103,Reyansh Malhotra,Affluent,Siliguri,West Bengal,Salaried - Private,4.3,784,Assisted Digital User,1,N,N,Not Interested,0,0,0,0,85870.2,85870.2,0,11,0,0,0,1,2,2026-07-13 00:00:00,1,0,0,ATM,20.6,Low,64.4
CUST0104,Sanjay Joshi,Emerging Affluent,Jammu,Jammu & Kashmir,Retired,10.3,829,Digital Adopter,1,N,N,Not Offered Yet,0,0,0,0,37840.51,37840.51,0,10,2,0,0,1,2,2026-07-04 00:00:00,0,0,0,Email Campaign,28,Medium,59.3
CUST0105,Neha Pillai,Emerging Affluent,Ranchi,Jharkhand,Salaried - Government,3.9,514,Digital Adopter,1,N,N,Applied - Rejected,0,0,0,0,172350.57,172350.57,0,15,2,0,0,2,1,2026-07-30 00:00:00,1,0,0,SMS Campaign,19.8,Low,37.5
CUST0106,Sanjay Malhotra,Affluent,Nagpur,Maharashtra,Salaried - Government,13.4,589,Digital Adopter,2,N,Y,Not Interested,0,0,0,5522536.92,51476.85,5574013.77,0,16,4,0,0,3,5,2026-07-25 00:00:00,1,0,0,SMS Campaign,40,Medium,62.9
CUST0107,Simran Verma,Emerging Affluent,Mysuru,Karnataka,Salaried - Private,3.5,778,Digital Native,3,N,Y,Active,Gold,236378,0,6228366.77,20864.68,6249231.45,103292.36,30,2,0,0,1,3,2026-06-26 00:00:00,1,1,9455.12,Relationship Manager,71,Champion,55.2
CUST0108,Kirti Pillai,High Net Worth (HNI),Delhi,Delhi,Salaried - Private,2,714,Assisted Digital User,1,N,N,Not Offered Yet,0,0,0,0,196942.62,196942.62,0,12,1,0,0,1,2,2026-07-31 00:00:00,0,0,0,ATM,16,Low,58.7
CUST0109,Rajesh Bansal,Emerging Affluent,Mysuru,Karnataka,Salaried - Private,2.9,747,Assisted Digital User,2,Y,N,Applied - Rejected,0,0,487530.94,0,29472.82,517003.76,0,15,1,0,0,0,5,2026-06-16 00:00:00,1,0,0,Branch,29.8,Medium,52.6
CUST0110,Suresh Kulkarni,Affluent,Indore,Madhya Pradesh,Salaried - Private,7.1,707,Digital Adopter,2,N,N,Active,Platinum,526490,0,0,80838.03,80838.03,460487.71,28,2,1,0,2,2,2026-05-30 00:00:00,1,1,21059.6,Tele-calling (Outbound),61.2,High,43.6
CUST0111,Meera Trivedi,Mass Market,Surat,Gujarat,Student,3,665,Assisted Digital User,1,N,N,Not Offered Yet,0,0,0,0,8770.38,8770.38,0,9,0,0,0,0,2,2026-06-21 00:00:00,0,0,0,Branch,18,Low,34.4
CUST0112,Rahul Reddy,Emerging Affluent,Warangal,Telangana,Salaried - Private,6.1,887,Digital Native,1,N,N,Not Offered Yet,0,0,0,0,23590.1,23590.1,0,21,1,0,0,1,2,2026-07-05 00:00:00,0,0,0,ATM,24.2,Medium,73.5
CUST0113,Ishaan Menon,High Net Worth (HNI),Guwahati,Assam,Self-Employed - Business,1.8,743,Assisted Digital User,3,Y,N,Active,Signature,878843,647974.88,0,64895.17,712870.05,386192.41,22,1,0,0,2,1,2026-06-19 00:00:00,1,1,35153.72,Relationship Manager,67.6,High,53
CUST0114,Sai Kulkarni,Affluent,Kolkata,West Bengal,Self-Employed - Business,0.7,829,Low Digital Engagement,1,N,N,Not Offered Yet,0,0,0,0,82971.42,82971.42,0,15,2,0,0,0,4,2026-05-30 00:00:00,0,0,0,Branch,13.4,Low,55.4
CUST0115,Kavita Menon,Affluent,Hyderabad,Telangana,Salaried - Private,2.9,745,Low Digital Engagement,4,Y,Y,Active,Platinum,548450,172575.98,1936366.35,89778.5,2198720.83,334803.98,32,2,0,0,2,3,2026-05-11 00:00:00,1,1,21938,Relationship Manager,81.8,Champion,47.9
CUST0116,Divya Chatterjee,Mass Market,Lucknow,Uttar Pradesh,Student,2,776,Assisted Digital User,1,N,N,Not Offered Yet,0,0,0,0,5004.59,5004.59,0,14,0,0,0,0,0,00:00:00,0,0,0,Not Yet Engaged,16,Low,51.1
CUST0117,Sanjay Reddy,Emerging Affluent,Nagpur,Maharashtra,Retired,4.6,722,Assisted Digital User,1,N,N,Not Offered Yet,0,0,0,0,40829.45,40829.45,0,5,3,0,0,0,3,2026-06-17 00:00:00,0,0,0,Call Center / IVR,21.2,Low,55.9
CUST0118,Reyansh Menon,Emerging Affluent,Indore,Madhya Pradesh,Retired,1.3,787,Digital Adopter,1,N,N,Not Interested,0,0,0,0,57488.74,57488.74,0,8,1,0,0,1,2,2026-06-25 00:00:00,1,0,0,Tele-calling (Outbound),14.6,Low,56.1
CUST0119,Ananya Nambiar,Affluent,Kochi,Kerala,Salaried - Private,2.1,731,Assisted Digital User,2,Y,N,Not Interested,0,0,287969.3,0,102232.68,390201.98,0,18,0,0,0,0,2,2025-05-26 00:00:00,1,0,0,Branch,28.2,Medium,62.1
CUST0120,Manish Sharma,Affluent,Warangal,Telangana,Salaried - Private,4.5,721,Assisted Digital User,1,N,N,Not Interested,0,0,0,0,76537.58,76537.58,0,11,2,1,1,2,4,2026-07-19 00:00:00,1,0,0,Branch,16,Low,50.1
CUST0121,Aditya Deshmukh,Affluent,Kolkata,West Bengal,Self-Employed - Professional,3.1,747,Digital Native,1,N,N,Not Interested,0,0,0,0,98763.91,98763.91,0,16,1,0,0,1,3,2026-07-29 00:00:00,1,0,0,ATM,18.2,Low,76.4
CUST0122,Vihaan Reddy,Affluent,Ahmedabad,Gujarat,Salaried - Private,1.4,711,Digital Adopter,3,Y,N,Active,Gold,244415,278177.73,0,84942.47,363120.2,80544.52,28,2,0,0,2,3,2026-07-06 00:00:00,1,1,9776.6,Branch,66.8,High,58.1
CUST0123,Krishna Kulkarni,Affluent,Thiruvananthapuram,Kerala,Salaried - Private,3.7,744,Digital Adopter,2,Y,N,Approved-Dormant,Gold,296444,1009376.57,0,188214.93,1197591.5,0,12,1,0,0,1,2,2026-06-08 00:00:00,2,1,17786.64,Internet Banking,39.4,Medium,68.7
CUST0124,Aadhya Mukherjee,Affluent,Coimbatore,Tamil Nadu,Self-Employed - Business,3.4,803,Digital Native,1,N,N,Applied - Rejected,0,0,0,0,61233.04,61233.04,0,20,4,0,0,1,6,2026-07-31 00:00:00,1,0,0,Branch,18.8,Low,61.2
CUST0125,Kirti Patel,Emerging Affluent,Jammu,Jammu & Kashmir,Salaried - Government,0.3,692,Digital Adopter,2,N,Y,Not Interested,0,0,0,1376612.86,37796.81,1414409.67,0,15,1,1,0,1,5,2026-07-18 00:00:00,2,0,0,Branch,19.6,Low,52.3
CUST0126,Rajesh Mehta,High Net Worth (HNI),Patna,Bihar,Self-Employed - Business,11.7,864,Digital Adopter,1,N,N,Applied - Rejected,0,0,0,0,81814.55,81814.55,0,15,1,1,0,2,3,2026-07-21 00:00:00,1,0,0,ATM,23,Medium,68.9
CUST0127,Rahul Agarwal,Mass Market,Lucknow,Uttar Pradesh,Student,0.2,675,Digital Adopter,1,N,N,Not Offered Yet,0,0,0,0,9274.63,9274.63,0,15,4,0,0,2,2,2026-07-08 00:00:00,0,0,0,WhatsApp Banking,12.4,Low,42.3
CUST0128,Gaurav Chatterjee,Mass Market,Pune,Maharashtra,Student,2.7,718,Assisted Digital User,1,N,N,Not Offered Yet,0,0,0,0,11880.42,11880.42,0,8,1,1,0,1,3,2026-06-01 00:00:00,0,0,0,WhatsApp Banking,12.4,Low,36.9
CUST0129,Dhruv Agarwal,Affluent,Patna,Bihar,Salaried - Private,2.4,747,Digital Adopter,1,N,N,Not Interested,0,0,0,0,39171.87,39171.87,0,24,4,0,0,2,4,2026-06-30 00:00:00,1,0,0,Relationship Manager,16.8,Low,60.7
CUST0130,Sunita Jain,Emerging Affluent,Patna,Bihar,Self-Employed - Professional,1.3,690,Assisted Digital User,1,N,N,Not Offered Yet,0,0,0,0,87769.55,87769.55,0,18,1,0,0,0,2,2026-07-09 00:00:00,0,0,0,Mobile App,14.6,Low,46.5
CUST0131,Vivaan Nambiar,Affluent,Mumbai,Maharashtra,Self-Employed - Business,2.9,727,Digital Adopter,3,N,Y,Active,Platinum,770042,0,2278036.28,87383.05,2365419.33,730260.32,25,3,0,0,2,4,2026-06-16 00:00:00,2,2,50617.16,Internet Banking,77.8,Champion,59.9
CUST0132,Amit Gupta,Affluent,Faridabad,Haryana,Salaried - Private,7.5,780,Digital Adopter,1,N,N,Approved-Dormant,Gold,179803,0,0,70793.94,70793.94,0,17,1,0,0,1,2,2026-07-25 00:00:00,2,1,10788.18,Tele-calling (Outbound),35,Medium,64.4
CUST0133,Karthik Kapoor,High Net Worth (HNI),Delhi,Delhi,Self-Employed - Professional,1.5,652,Digital Adopter,3,Y,Y,Not Offered Yet,0,0,616503.56,1368974.99,146414.94,2131893.49,0,18,3,0,0,0,6,2026-07-08 00:00:00,1,1,8833.98,Branch,47,High,62.6
CUST0134,Yash Chopra,Emerging Affluent,Rajkot,Gujarat,Salaried - Private,8.9,706,Digital Native,2,N,Y,Not Offered Yet,0,0,0,1528560.99,90456.88,1619017.87,0,20,1,0,0,0,4,2026-07-05 00:00:00,1,1,9348.81,ATM,48,High,69
CUST0135,Kavya Malhotra,Emerging Affluent,Ranchi,Jharkhand,Salaried - Government,20,547,Digital Native,1,N,N,Not Interested,0,0,0,0,53297.09,53297.09,0,13,3,0,0,2,3,2026-07-11 00:00:00,1,0,0,Tele-calling (Outbound),28,Medium,54.7
CUST0136,Varun Menon,Affluent,Gurugram,Haryana,Salaried - Private,0.8,705,Digital Adopter,1,N,N,Applied - Rejected,0,0,0,0,167744.47,167744.47,0,16,0,0,0,1,2,2026-06-29 00:00:00,1,0,0,WhatsApp Banking,13.6,Low,64.1
CUST0137,Aarav Joshi,Affluent,Kanpur,Uttar Pradesh,Self-Employed - Business,3.2,802,Digital Adopter,3,Y,Y,Not Interested,0,0,461209.45,2069284.57,105109.62,2635603.64,0,23,4,0,0,3,6,2026-07-11 00:00:00,1,0,0,Relationship Manager,42.4,Medium,75.7
CUST0138,Saanvi Nambiar,Mass Market,Hyderabad,Telangana,Student,12.6,794,Digital Native,1,N,N,Not Offered Yet,0,0,0,0,5750.45,5750.45,0,15,2,0,0,1,2,2026-07-12 00:00:00,0,0,0,Relationship Manager,28,Medium,52.8
CUST0139,Aniket Verma,High Net Worth (HNI),Hyderabad,Telangana,Self-Employed - Professional,1.8,662,Assisted Digital User,1,N,N,Not Offered Yet,0,0,0,0,131487.23,131487.23,0,12,0,1,0,0,3,2026-07-16 00:00:00,0,0,0,Call Center / IVR,10.6,Low,47.7
CUST0140,Vivaan Reddy,Affluent,Jammu,Jammu & Kashmir,Salaried - Private,0.4,780,Digital Native,3,N,Y,Active,Gold,171669,0,4644094.25,133527.76,4777622.01,146939.96,26,3,0,0,2,5,2026-05-18 00:00:00,2,1,6866.76,ATM,64.8,High,65.5
CUST0141,Ishaan Banerjee,Affluent,Lucknow,Uttar Pradesh,Salaried - Government,2.1,714,Digital Adopter,2,N,N,Active,Platinum,532686,0,0,133977.03,133977.03,492965.05,31,4,1,1,4,3,2026-07-12 00:00:00,1,1,21307.44,Email Campaign,51.2,High,51.2
CUST0142,Diya Nair,Affluent,Indore,Madhya Pradesh,Retired,0.6,784,Low Digital Engagement,2,N,Y,Applied - Rejected,0,0,0,2429565.64,37701.95,2467267.59,0,5,1,0,0,1,2,2026-06-30 00:00:00,2,0,0,Branch,25.2,Medium,60.7
CUST0143,Kavya Rao,High Net Worth (HNI),Lucknow,Uttar Pradesh,Self-Employed - Business,0.2,568,Digital Adopter,1,N,N,Not Interested,0,0,0,0,186135.33,186135.33,0,13,2,1,1,1,4,2026-07-31 00:00:00,1,0,0,Branch,7.4,Low,53.7
CUST0144,Arjun Bansal,Affluent,Surat,Gujarat,Retired,2.4,741,Digital Adopter,1,N,N,Applied - Rejected,0,0,0,0,78010.48,78010.48,0,13,1,1,1,1,4,2026-07-20 00:00:00,1,0,0,SMS Campaign,11.8,Low,52.3
CUST0145,Reyansh Gupta,High Net Worth (HNI),Thiruvananthapuram,Kerala,Self-Employed - Professional,5.3,647,Digital Adopter,3,Y,Y,Applied - Rejected,0,0,502316.04,2187315.97,162012.8,2851644.81,0,20,2,0,0,1,5,2026-06-24 00:00:00,2,0,0,Branch,46.6,High,68.1
CUST0146,Suresh Nambiar,Emerging Affluent,Mumbai,Maharashtra,Salaried - Private,1.6,628,Digital Adopter,1,N,N,Not Interested,0,0,0,0,20054.1,20054.1,0,16,1,0,0,2,0,2026-06-21 00:00:00,1,0,0,SMS Campaign,15.2,Low,40.4
CUST0147,Sunita Chatterjee,Affluent,Ranchi,Jharkhand,Self-Employed - Business,1.3,661,Digital Adopter,2,N,N,Active,Platinum,359038,0,0,74706.82,74706.82,258453.86,29,0,1,1,1,1,2026-04-15 00:00:00,1,1,14361.52,Email Campaign,49.6,High,42.7
CUST0148,Aarav Jain,Emerging Affluent,Hyderabad,Telangana,Salaried - Government,1.2,742,Assisted Digital User,1,N,N,Not Interested,0,0,0,0,24352.7,24352.7,0,11,0,0,0,0,1,2025-07-20 00:00:00,1,0,0,Mobile App,14.4,Low,51.5
CUST0149,Siddharth Patel,Emerging Affluent,Bengaluru,Karnataka,Salaried - Government,2.1,857,Digital Adopter,1,N,N,Applied - Rejected,0,0,0,0,49410.73,49410.73,0,11,2,0,0,1,4,2026-07-04 00:00:00,1,0,0,ATM,16.2,Low,68.1
CUST0150,Kabir Deshmukh,Affluent,Chandigarh,Chandigarh,Salaried - Private,3,744,Digital Adopter,1,N,N,Not Interested,0,0,0,0,80846.19,80846.19,0,20,1,0,0,1,3,2026-07-31 00:00:00,1,0,0,ATM,18,Low,63
CUST0151,Priya Sharma,Affluent,Mysuru,Karnataka,Salaried - Private,1.2,696,Assisted Digital User,2,Y,N,Not Interested,0,0,220210.41,0,70158.08,290368.49,0,13,1,1,0,2,4,2026-07-03 00:00:00,1,0,0,ATM,21.4,Low,56.1
CUST0152,Aditi Menon,Emerging Affluent,Mumbai,Maharashtra,Self-Employed - Business,2.2,729,Digital Adopter,1,N,N,Not Offered Yet,0,0,0,0,34990.8,34990.8,0,11,1,0,0,1,2,2026-06-11 00:00:00,0,0,0,ATM,16.4,Low,53
CUST0153,Aarav Trivedi,Affluent,Jammu,Jammu & Kashmir,Salaried - Private,1.8,534,Digital Adopter,3,Y,Y,Applied - Rejected,0,0,526185.44,3516668.23,40097.23,4082950.9,0,19,3,0,0,1,5,2026-07-01 00:00:00,1,0,0,Branch,39.6,Medium,55.5
CUST0154,Ishaan Menon,Affluent,Mumbai,Maharashtra,Salaried - Private,2.4,799,Assisted Digital User,1,N,N,Not Offered Yet,0,0,0,0,111888.21,111888.21,0,14,0,1,1,0,3,2026-07-23 00:00:00,0,0,0,ATM,11.8,Low,60.5
CUST0155,Deepika Verma,Mass Market,Jodhpur,Rajasthan,Student,3.4,757,Digital Adopter,1,N,N,Not Interested,0,0,0,0,4610.09,4610.09,0,10,4,1,0,2,6,2026-07-23 00:00:00,1,0,0,ATM,13.8,Low,48
CUST0156,Deepika Nambiar,Affluent,Siliguri,West Bengal,Salaried - Government,0.8,769,Low Digital Engagement,2,N,N,Active,Gold,295021,0,0,73309.29,73309.29,74721.2,16,1,0,0,1,2,2026-07-09 00:00:00,1,1,11800.84,Relationship Manager,53.6,High,49.4
CUST0157,Aarav Bansal,Affluent,Pune,Maharashtra,Salaried - Private,0.2,760,Digital Native,1,N,N,Not Interested,0,0,0,0,47215.96,47215.96,0,14,1,0,0,1,1,2026-07-24 00:00:00,1,0,0,SMS Campaign,12.4,Low,70.4
CUST0158,Ananya Banerjee,Affluent,Ranchi,Jharkhand,Self-Employed - Business,6.2,737,Assisted Digital User,1,N,N,Not Offered Yet,0,0,0,0,92562.48,92562.48,0,11,4,1,0,3,2,2026-07-23 00:00:00,0,0,0,Tele-calling (Outbound),19.4,Low,46.4
CUST0159,Divya Deshmukh,Affluent,Chandigarh,Chandigarh,Self-Employed - Professional,1.5,651,Digital Native,2,Y,N,Not Offered Yet,0,0,544821.32,0,149487.76,694309.08,0,16,4,1,1,1,6,2026-07-24 00:00:00,0,0,0,Branch,22,Medium,62
CUST0160,Karthik Rao,Mass Market,Thiruvananthapuram,Kerala,Student,1.1,669,Digital Native,1,N,N,Not Offered Yet,0,0,0,0,4580.92,4580.92,0,12,4,1,0,1,4,2026-06-09 00:00:00,0,0,0,Mobile App,9.2,Low,42.6
CUST0161,Dhruv Mukherjee,Affluent,Surat,Gujarat,Salaried - Private,0.6,703,Digital Native,1,N,N,Not Offered Yet,0,0,0,0,74685.79,74685.79,0,15,2,0,0,0,4,2026-05-30 00:00:00,0,0,0,Mobile App,13.2,Low,69.3
CUST0162,Arjun Trivedi,Affluent,Warangal,Telangana,Self-Employed - Business,2.3,739,Low Digital Engagement,2,N,N,Active,Platinum,565525,0,0,179535.09,179535.09,311621.44,19,3,0,0,2,4,2026-07-24 00:00:00,1,1,22621,Relationship Manager,56.6,High,51
CUST0163,Diya Rao,Affluent,Faridabad,Haryana,Self-Employed - Professional,0.3,827,Digital Native,2,Y,N,Not Offered Yet,0,0,203029.11,0,131337.89,334367,0,16,2,0,0,1,2,2026-06-24 00:00:00,0,0,0,Relationship Manager,24.6,Medium,87.8
CUST0164,Rashmi Kaur,Emerging Affluent,Bandipora,Jammu & Kashmir,Salaried - Private,4.8,733,Digital Adopter,1,N,N,Not Interested,0,0,0,0,43676.85,43676.85,0,9,2,1,0,1,4,2026-07-04 00:00:00,1,0,0,Email,16.6,Low,47.8
CUST0165,Varun Kaur,Affluent,Patna,Bihar,Self-Employed - Business,2.3,771,Digital Adopter,1,N,N,Not Offered Yet,0,0,0,0,86186.75,86186.75,0,11,1,0,0,1,2,2026-06-04 00:00:00,0,0,0,WhatsApp Banking,16.6,Low,63.3
CUST0166,Aryan Menon,Affluent,Bengaluru,Karnataka,Self-Employed - Professional,0.4,736,Digital Adopter,1,N,N,Not Offered Yet,0,0,0,0,121931.23,121931.23,0,11,3,0,0,0,4,2026-07-06 00:00:00,0,0,0,Internet Banking,12.8,Low,57
CUST0167,Neha Verma,Affluent,Jammu,Jammu & Kashmir,Retired,9.3,730,Assisted Digital User,1,N,N,Not Interested,0,0,0,0,47051.52,47051.52,0,13,2,0,0,2,2,2026-07-24 00:00:00,1,0,0,WhatsApp Banking,28,Medium,58.9
CUST0168,Deepika Deshmukh,Mass Market,Chandigarh,Chandigarh,Student,4.1,766,Digital Adopter,1,N,N,Not Offered Yet,0,0,0,0,4620.27,4620.27,0,5,3,0,0,1,3,2026-07-02 00:00:00,0,0,0,SMS Campaign,20.2,Low,47.9
CUST0169,Nikhil Khanna,Affluent,Nagpur,Maharashtra,Salaried - Private,0.2,766,Digital Adopter,2,N,N,Active,Platinum,657151,0,0,246390.35,246390.35,341845.95,20,3,1,1,3,3,2026-06-11 00:00:00,1,1,26286.04,WhatsApp Banking,47.4,High,56.3
CUST0170,Priya Nambiar,Emerging Affluent,Bandipora,Jammu & Kashmir,Salaried - Government,7.2,748,Assisted Digital User,3,N,Y,Active,Gold,188898,0,1255516.53,111273.68,1366790.21,130193.5,24,0,0,0,1,3,2026-05-12 00:00:00,1,1,7555.92,ATM,78.4,Champion,42.4
CUST0171,Aarav Menon,Affluent,Gurugram,Haryana,Salaried - Private,5.7,648,Low Digital Engagement,1,N,N,Not Interested,0,0,0,0,196327.57,196327.57,0,11,4,1,1,2,4,2026-07-29 00:00:00,1,0,0,Tele-calling (Outbound),18.4,Low,35.9
CUST0172,Aarav Iyer,Emerging Affluent,Bengaluru,Karnataka,Salaried - Government,7.5,764,Digital Native,3,N,Y,Active,Gold,292946,0,1884199.09,67420,1951619.09,114442.96,28,2,0,0,2,2,2026-02-10 00:00:00,2,2,31145.55,Internet Banking,87,Champion,58.1
CUST0173,Varun Shah,High Net Worth (HNI),Faridabad,Haryana,Self-Employed - Business,0.5,673,Assisted Digital User,2,N,Y,Not Offered Yet,0,0,0,3188196.33,278286.71,3466483.04,0,11,1,0,0,0,2,2026-03-22 00:00:00,0,0,0,Branch,25,Medium,72.7
CUST0174,Nikhil Mukherjee,Emerging Affluent,Coimbatore,Tamil Nadu,Salaried - Government,0.2,791,Digital Adopter,1,N,N,Not Offered Yet,0,0,0,0,75860,75860,0,8,0,2,0,0,3,2026-05-21 00:00:00,0,0,0,Email,2.4,Low,52.3
CUST0175,Sunita Rao,Affluent,Pune,Maharashtra,Salaried - Government,3.8,730,Digital Native,2,Y,N,Approved-Dormant,Gold,168681,626702.11,0,65716.62,692418.73,0,19,2,0,0,2,3,2026-07-15 00:00:00,2,1,10120.86,WhatsApp Banking,39.6,Medium,74.2
CUST0176,Karthik Kapoor,Affluent,Delhi,Delhi,Salaried - Private,0.7,792,Digital Adopter,1,N,N,Not Offered Yet,0,0,0,0,23319.05,23319.05,0,12,0,0,0,0,1,2026-05-20 00:00:00,0,0,0,ATM,13.4,Low,61.9
CUST0177,Gaurav Mukherjee,Emerging Affluent,Mumbai,Maharashtra,Retired,7.1,776,Low Digital Engagement,2,N,N,Active,Platinum,307240,0,0,36813.62,36813.62,203654.63,16,3,1,1,0,6,2026-07-28 00:00:00,1,1,12289.6,Mobile App,61.2,High,25.4
CUST0178,Varun Chopra,Emerging Affluent,Coimbatore,Tamil Nadu,Retired,1,841,Digital Adopter,1,N,N,Not Offered Yet,0,0,0,0,140295.1,140295.1,0,6,2,0,0,1,1,2026-07-20 00:00:00,0,0,0,Tele-calling (Outbound),14,Low,54.3
CUST0179,Nikhil Gupta,Emerging Affluent,Bengaluru,Karnataka,Salaried - Private,4.4,733,Assisted Digital User,2,N,N,Active,Gold,198203,0,0,23970.19,23970.19,215938.26,36,3,1,0,1,4,2026-05-18 00:00:00,1,1,7928.12,Email,55.8,High,33
CUST0180,Suresh Kapoor,High Net Worth (HNI),Pune,Maharashtra,Self-Employed - Professional,3.8,605,Digital Adopter,2,N,Y,Not Interested,0,0,0,4193111.62,66288.93,4259400.55,0,13,1,0,0,2,1,2026-06-26 00:00:00,1,0,0,Internet Banking,31.6,Medium,65.5
CUST0181,Arjun Jain,Affluent,Jodhpur,Rajasthan,Self-Employed - Professional,9.4,773,Digital Adopter,2,N,N,Active,Platinum,749741,0,0,65516.53,65516.53,243231.52,19,0,0,0,1,2,2026-07-21 00:00:00,1,1,29989.64,ATM,68,High,67.8
CUST0182,Shreya Kapoor,Emerging Affluent,Ahmedabad,Gujarat,Salaried - Private,5.1,682,Digital Adopter,3,Y,N,Active,Gold,145848,559161.76,0,22825.12,581986.88,156077.26,35,1,1,1,1,3,2026-05-23 00:00:00,1,1,5833.92,Internet Banking,69.2,High,45.7
CUST0183,Varun Shah,Affluent,Pune,Maharashtra,Salaried - Private,2.5,615,Digital Adopter,1,N,N,Not Interested,0,0,0,0,117119.63,117119.63,0,10,0,1,0,1,2,2026-07-03 00:00:00,1,0,0,Relationship Manager,12,Low,39.7
CUST0184,Pooja Das,Affluent,Delhi,Delhi,Retired,0.9,657,Assisted Digital User,1,N,N,Not Interested,0,0,0,0,84459.4,84459.4,0,16,1,0,0,1,2,2026-06-27 00:00:00,1,0,0,Email Campaign,13.8,Low,56.2
CUST0185,Anjali Agarwal,Affluent,Bandipora,Jammu & Kashmir,Salaried - Private,5.5,736,Low Digital Engagement,2,Y,N,Approved-Dormant,Gold,266550,618081.64,0,38888.38,656970.02,0,16,4,0,0,2,4,2026-07-11 00:00:00,2,1,15993,WhatsApp Banking,43,Medium,61.9
CUST0186,Rohan Jain,Emerging Affluent,Mumbai,Maharashtra,Salaried - Government,16.3,731,Digital Adopter,1,N,N,Not Offered Yet,0,0,0,0,38730.43,38730.43,0,12,1,1,0,1,2,2026-06-29 00:00:00,0,0,0,Branch,23,Medium,51.5
CUST0187,Pooja Rao,Affluent,Kanpur,Uttar Pradesh,Self-Employed - Professional,3.8,746,Digital Adopter,1,N,N,Not Offered Yet,0,0,0,0,37943.2,37943.2,0,11,1,0,0,1,0,2026-03-24 00:00:00,0,0,0,Email Campaign,19.6,Low,62.4
CUST0188,Rahul Mehta,Affluent,Pune,Maharashtra,Salaried - Private,3.6,720,Digital Adopter,1,N,N,Not Offered Yet,0,0,0,0,143019.68,143019.68,0,16,1,0,0,1,1,2026-07-08 00:00:00,0,0,0,Branch,19.2,Low,70.8
CUST0189,Nikhil Rao,High Net Worth (HNI),Rajkot,Gujarat,Self-Employed - Professional,0.3,706,Digital Adopter,1,N,N,Not Offered Yet,0,0,0,0,252802.3,252802.3,0,13,0,0,0,0,1,2026-06-29 00:00:00,0,0,0,ATM,12.6,Low,67.8
CUST0190,Aniket Mukherjee,Emerging Affluent,Kolkata,West Bengal,Salaried - Government,0.2,770,Digital Adopter,2,N,N,Active,Classic,72830,0,0,29554.51,29554.51,56248.83,29,2,1,0,1,3,2026-05-12 00:00:00,1,1,2913.2,Mobile App,46.1,High,48.2
CUST0191,Vihaan Singh,Affluent,Rajkot,Gujarat,Salaried - Private,0.5,716,Low Digital Engagement,2,N,Y,Approved-Dormant,Platinum,548433,0,4177696.83,161306.96,4339003.79,0,15,1,0,0,1,4,2026-07-16 00:00:00,3,1,32905.98,Internet Banking,33,Medium,56.7
CUST0192,Ravi Pillai,High Net Worth (HNI),Surat,Gujarat,Self-Employed - Professional,8.3,706,Low Digital Engagement,1,N,N,Not Interested,0,0,0,0,153297.21,153297.21,0,5,2,1,0,0,5,2026-07-04 00:00:00,1,0,0,Branch,23,Medium,48.3
CUST0193,Simran Bansal,Mass Market,Coimbatore,Tamil Nadu,Salaried - Private,1.9,756,Digital Native,1,N,N,Not Offered Yet,0,0,0,0,25767.24,25767.24,0,21,1,1,0,1,1,2026-06-07 00:00:00,0,0,0,WhatsApp Banking,10.8,Low,49.4
CUST0194,Deepak Nair,High Net Worth (HNI),Surat,Gujarat,Salaried - Private,6.2,743,Assisted Digital User,2,N,Y,Approved-Dormant,Signature,938925,0,1553674.15,229517.81,1783191.96,0,12,3,0,0,1,5,2026-07-17 00:00:00,3,2,61535.35,Internet Banking,52.4,High,71.8
CUST0195,Krishna Bansal,Affluent,Bhopal,Madhya Pradesh,Self-Employed - Business,9.1,736,Assisted Digital User,2,N,N,Active,Platinum,442591,0,0,99568.2,99568.2,234525.39,26,3,0,0,3,1,2026-07-27 00:00:00,1,1,17703.64,Email Campaign,68,High,55
CUST0196,Ira Kulkarni,Affluent,Ahmedabad,Gujarat,Salaried - Government,1.6,689,Digital Native,2,N,N,Active,Platinum,448850,0,0,224683.55,224683.55,317680.23,22,2,0,0,1,3,2026-07-15 00:00:00,1,1,17954,Relationship Manager,55.2,High,58.2
CUST0197,Vihaan Mukherjee,Emerging Affluent,Patna,Bihar,Salaried - Private,4.9,700,Digital Native,1,N,N,Not Interested,0,0,0,0,21545.44,21545.44,0,16,2,0,0,0,4,2026-07-23 00:00:00,1,0,0,Branch,21.8,Low,45.5
CUST0198,Deepika Chopra,Mass Market,Kanpur,Uttar Pradesh,Student,1.4,668,Digital Adopter,1,N,N,Not Offered Yet,0,0,0,0,11788.66,11788.66,0,10,1,0,0,1,1,2026-06-08 00:00:00,0,0,0,Relationship Manager,14.8,Low,40.3
CUST0199,Kavita Rao,Affluent,Jammu,Jammu & Kashmir,Salaried - Private,2.7,723,Digital Adopter,2,N,N,Active,Platinum,330605,0,0,209550.11,209550.11,295377.18,24,1,0,0,1,1,2026-06-24 00:00:00,1,1,13224.2,Tele-calling (Outbound),57.4,High,61.6
CUST0200,Kabir Menon,Emerging Affluent,Patna,Bihar,Salaried - Private,14.6,728,Digital Adopter,2,N,N,Active,Gold,176876,0,0,77508.29,77508.29,104694.06,22,1,0,0,1,1,2026-06-19 00:00:00,1,1,7075.04,WhatsApp Banking,68,High,53.4
CUST0201,Manish Kulkarni,Affluent,Chennai,Tamil Nadu,Self-Employed - Business,0.9,680,Digital Adopter,3,Y,Y,Applied - Rejected,0,0,884974.16,1294067.75,107029.45,2286071.36,0,20,1,0,0,1,5,2026-06-07 00:00:00,2,1,6089.02,Internet Banking,45.8,High,83.3
CUST0202,Aarav Verma,High Net Worth (HNI),Siliguri,West Bengal,Self-Employed - Professional,5.1,804,Low Digital Engagement,2,N,Y,Not Interested,0,0,0,2356345.86,73453.38,2429799.24,0,14,4,0,0,2,5,2026-07-21 00:00:00,1,0,0,Mobile App,34.2,Medium,64.1
CUST0203,Ravi Reddy,Emerging Affluent,Jaipur,Rajasthan,Salaried - Private,5.7,767,Digital Native,1,N,N,Not Offered Yet,0,0,0,0,51320.09,51320.09,0,14,1,0,0,0,3,2026-07-05 00:00:00,0,0,0,ATM,23.4,Medium,69.1
CUST0204,Manish Sharma,Affluent,Nagpur,Maharashtra,Salaried - Government,7.6,721,Assisted Digital User,1,N,N,Approved-Dormant,Platinum,414539,0,0,104894.36,104894.36,0,16,1,0,0,1,3,2026-07-10 00:00:00,2,1,16581.56,ATM,35.2,Medium,43
CUST0205,Deepika Mukherjee,Emerging Affluent,Siliguri,West Bengal,Salaried - Private,4.6,599,Assisted Digital User,3,Y,Y,Applied - Rejected,0,0,541005.99,628846.96,48986.08,1218839.03,0,23,1,0,0,2,3,2026-05-23 00:00:00,1,0,0,Tele-calling (Outbound),45.2,High,47.2
CUST0206,Siddharth Jain,Emerging Affluent,Rajkot,Gujarat,Retired,2.3,659,Assisted Digital User,1,N,N,Not Interested,0,0,0,0,45694.25,45694.25,0,8,3,1,0,1,5,2026-07-05 00:00:00,1,0,0,SMS Campaign,11.6,Low,29
CUST0207,Kirti Iyer,Affluent,Kanpur,Uttar Pradesh,Self-Employed - Business,0.2,786,Digital Adopter,1,N,N,Not Offered Yet,0,0,0,0,169090.96,169090.96,0,15,2,0,0,1,2,2026-07-05 00:00:00,0,0,0,Internet Banking,12.4,Low,69.1
CUST0208,Riya Deshmukh,High Net Worth (HNI),Chandigarh,Chandigarh,Self-Employed - Business,3.2,796,Digital Native,1,N,N,Not Interested,0,0,0,0,99540.02,99540.02,0,13,1,0,0,0,4,2026-06-28 00:00:00,1,0,0,ATM,18.4,Low,69.8
CUST0209,Anil Mukherjee,Affluent,Rajkot,Gujarat,Self-Employed - Business,14.1,771,Digital Native,3,N,Y,Active,Platinum,694390,0,3219066.32,52681.13,3271747.45,484092.22,35,3,0,0,2,5,2026-07-26 00:00:00,1,1,27775.6,Internet Banking,80,Champion,75
CUST0210,Aryan Das,Affluent,Jodhpur,Rajasthan,Self-Employed - Business,14.1,840,Digital Native,2,Y,N,Applied - Rejected,0,0,784953.43,0,55660.77,840614.2,0,20,3,0,0,1,6,2026-07-26 00:00:00,1,0,0,Internet Banking,40,Medium,83.8
CUST0211,Kavita Sharma,Emerging Affluent,Rajkot,Gujarat,Salaried - Government,3.5,795,Digital Native,1,N,N,Not Offered Yet,0,0,0,0,68161.28,68161.28,0,14,0,0,0,0,0,00:00:00,0,0,0,Not Yet Engaged,19,Low,64.1
CUST0212,Rohan Sharma,Emerging Affluent,Mumbai,Maharashtra,Salaried - Private,0.3,689,Digital Native,1,N,N,Not Interested,0,0,0,0,39651.89,39651.89,0,17,1,0,0,0,4,2026-06-16 00:00:00,1,0,0,ATM,12.6,Low,58
CUST0213,Ishaan Kulkarni,Affluent,Mumbai,Maharashtra,Salaried - Private,8.2,605,Digital Native,3,Y,Y,Not Interested,0,0,208079.59,5734355.4,94830.35,6037265.34,0,22,2,0,0,2,5,2026-07-22 00:00:00,2,1,27638.91,ATM,60,High,68.7
CUST0214,Shreya Kulkarni,Affluent,Surat,Gujarat,Salaried - Private,12,773,Digital Adopter,3,N,Y,Active,Platinum,356183,0,3187375.74,139292.77,3326668.51,129040.71,21,3,0,0,2,3,2026-07-09 00:00:00,2,2,28968.44,Relationship Manager,88,Champion,54.5
CUST0215,Gaurav Nair,Affluent,Varanasi,Uttar Pradesh,Salaried - Private,0.2,848,Assisted Digital User,1,N,N,Not Offered Yet,0,0,0,0,78041.73,78041.73,0,11,0,0,0,0,2,2026-07-15 00:00:00,0,0,0,Branch,12.4,Low,63.7
CUST0216,Riya Kapoor,Emerging Affluent,Kolkata,West Bengal,Self-Employed - Business,1.7,772,Assisted Digital User,2,N,N,Active,Gold,218242,0,0,142034.69,142034.69,206174.41,25,0,1,0,0,3,2026-06-06 00:00:00,1,1,8729.68,Internet Banking,50.4,High,33.3
CUST0217,Amit Nair,Affluent,Jammu,Jammu & Kashmir,Self-Employed - Business,12.1,786,Digital Native,1,N,N,Applied - Rejected,0,0,0,0,122082.78,122082.78,0,17,0,0,0,0,1,2026-06-11 00:00:00,1,0,0,Internet Banking,28,Medium,70.5
CUST0218,Nikhil Trivedi,Affluent,Bengaluru,Karnataka,Salaried - Private,0.6,680,Assisted Digital User,1,N,N,Approved-Dormant,Gold,257302,0,0,82172.99,82172.99,0,12,4,0,0,3,4,2026-07-21 00:00:00,2,1,10292.08,WhatsApp Banking,21.2,Low,59.7
CUST0219,Rajesh Jain,Emerging Affluent,Coimbatore,Tamil Nadu,Salaried - Private,5.2,731,Digital Native,2,Y,N,Approved-Dormant,Gold,203251,323933.18,0,98681.16,422614.34,0,19,1,1,1,2,2,2026-06-08 00:00:00,2,1,12195.06,Internet Banking,37.4,Medium,65.1
CUST0220,Ira Singh,High Net Worth (HNI),Indore,Madhya Pradesh,Self-Employed - Professional,0.6,675,Assisted Digital User,1,N,N,Not Offered Yet,0,0,0,0,286268.9,286268.9,0,16,3,0,0,1,3,2026-07-27 00:00:00,0,0,0,ATM,13.2,Low,62.4
CUST0221,Suresh Mukherjee,Affluent,Pune,Maharashtra,Self-Employed - Professional,5.2,809,Digital Native,2,Y,N,Not Interested,0,0,204378.95,0,265378.31,469757.26,0,19,1,0,0,1,4,2026-07-15 00:00:00,1,0,0,Branch,34.4,Medium,83.1
CUST0222,Swati Das,High Net Worth (HNI),Hyderabad,Telangana,Self-Employed - Business,8.1,761,Digital Adopter,2,N,N,Active,Platinum,754989,0,0,89706.14,89706.14,488186.29,30,0,0,0,0,2,2026-07-18 00:00:00,1,1,30199.56,Internet Banking,68,High,64.8
CUST0223,Manish Joshi,Emerging Affluent,Ahmedabad,Gujarat,Salaried - Government,5.7,876,Digital Adopter,2,N,N,Active,Gold,250831,0,0,47438.92,47438.92,146863.61,25,1,0,0,1,1,2026-07-27 00:00:00,1,1,10033.24,Mobile App,63.4,High,55.6
CUST0224,Varun Joshi,Affluent,Mysuru,Karnataka,Self-Employed - Business,5.4,727,Assisted Digital User,2,N,Y,Not Interested,0,0,0,2529244.75,83701.7,2612946.45,0,17,3,0,0,1,5,2026-06-25 00:00:00,1,0,0,Relationship Manager,34.8,Medium,65.2
CUST0225,Deepika Trivedi,Affluent,Bengaluru,Karnataka,Salaried - Private,0.6,836,Digital Native,1,N,N,Not Interested,0,0,0,0,79705.19,79705.19,0,17,1,1,0,1,3,2026-07-09 00:00:00,1,0,0,WhatsApp Banking,8.2,Low,74.1
CUST0226,Nikhil Nair,Emerging Affluent,Mysuru,Karnataka,Salaried - Private,0.2,791,Digital Native,2,N,Y,Not Offered Yet,0,0,0,2418981.86,42139.71,2461121.57,0,18,3,0,0,1,3,2026-06-08 00:00:00,1,0,0,WhatsApp Banking,24.4,Medium,67.6
CUST0227,Saanvi Trivedi,Affluent,Mumbai,Maharashtra,Self-Employed - Professional,2.5,703,Digital Adopter,1,N,N,Not Offered Yet,0,0,0,0,97595.45,97595.45,0,18,3,1,0,1,3,2026-06-26 00:00:00,0,0,0,Email Campaign,12,Low,53.6
CUST0228,Anil Mukherjee,Mass Market,Ahmedabad,Gujarat,Student,2.8,717,Assisted Digital User,1,N,N,Not Offered Yet,0,0,0,0,10547.21,10547.21,0,7,1,0,0,0,2,2026-06-03 00:00:00,0,0,0,Call Center / IVR,17.6,Low,42.9
CUST0229,Ritu Malhotra,Affluent,Chandigarh,Chandigarh,Self-Employed - Business,6,740,Digital Native,2,N,N,Active,Platinum,619342,0,0,131132.18,131132.18,357696.03,34,3,0,0,1,4,2026-07-17 00:00:00,1,1,24773.68,Mobile App,64,High,64.3
CUST0230,Aadhya Nair,Affluent,Patna,Bihar,Salaried - Private,3.7,804,Digital Adopter,1,N,N,Not Interested,0,0,0,0,83424.98,83424.98,0,11,2,0,0,2,2,2026-07-09 00:00:00,1,0,0,SMS Campaign,19.4,Low,58
CUST0231,Divya Iyer,Affluent,Surat,Gujarat,Salaried - Private,4.4,742,Digital Adopter,2,N,Y,Not Offered Yet,0,0,0,719961.8,50652.76,770614.56,0,10,2,0,0,1,3,2026-06-25 00:00:00,1,0,0,Internet Banking,32.8,Medium,75.6
CUST0232,Diya Verma,High Net Worth (HNI),Ahmedabad,Gujarat,Self-Employed - Business,13.6,729,Assisted Digital User,3,Y,N,Active,Signature,1094456,457204.94,0,155072.51,612277.45,888187.2,27,1,0,0,2,2,2026-07-05 00:00:00,1,1,43778.24,Relationship Manager,80,Champion,53.6
CUST0233,Vivaan Gupta,Emerging Affluent,Patna,Bihar,Salaried - Private,4.5,802,Assisted Digital User,3,Y,Y,Applied - Rejected,0,0,329597.67,4000584.53,25424.58,4355606.78,0,21,1,0,0,2,2,2026-06-01 00:00:00,2,0,0,WhatsApp Banking,45,High,66.3
CUST0234,Deepak Singh,High Net Worth (HNI),Varanasi,Uttar Pradesh,Self-Employed - Business,1.5,788,Digital Adopter,1,N,N,Not Offered Yet,0,0,0,0,206089.46,206089.46,0,14,0,0,0,0,1,2026-07-02 00:00:00,0,0,0,Branch,15,Low,80.9
CUST0235,Deepak Chatterjee,Affluent,Mumbai,Maharashtra,Salaried - Private,1.1,786,Assisted Digital User,1,N,N,Not Interested,0,0,0,0,166274.75,166274.75,0,9,1,0,0,1,2,2026-07-21 00:00:00,1,0,0,SMS Campaign,14.2,Low,62.2
CUST0236,Sunita Joshi,Affluent,Jodhpur,Rajasthan,Salaried - Private,4.2,757,Assisted Digital User,1,N,N,Approved-Dormant,Platinum,442276,0,0,181665.71,181665.71,0,9,1,0,0,2,2,2026-06-16 00:00:00,2,1,17691.04,ATM,28.4,Medium,58.5
CUST0237,Suresh Nambiar,High Net Worth (HNI),Delhi,Delhi,Self-Employed - Business,0.2,670,Digital Adopter,2,N,Y,Not Offered Yet,0,0,0,2616437.78,231718.15,2848155.93,0,18,1,0,0,1,1,2026-03-25 00:00:00,1,0,0,Relationship Manager,24.4,Medium,68.7
CUST0238,Ananya Chopra,Affluent,Bengaluru,Karnataka,Self-Employed - Business,0.9,671,Assisted Digital User,1,N,N,Not Offered Yet,0,0,0,0,162460.61,162460.61,0,18,4,0,0,1,3,2026-06-20 00:00:00,0,0,0,Mobile App,13.8,Low,56.5
CUST0239,Nikhil Deshmukh,Emerging Affluent,Bandipora,Jammu & Kashmir,Salaried - Private,1.1,661,Digital Native,1,N,N,Not Offered Yet,0,0,0,0,33625.6,33625.6,0,17,0,0,0,0,2,2026-05-23 00:00:00,0,0,0,ATM,14.2,Low,60
CUST0240,Priya Chatterjee,Emerging Affluent,Siliguri,West Bengal,Salaried - Private,4,676,Assisted Digital User,1,N,N,Not Interested,0,0,0,0,79715.71,79715.71,0,14,1,0,0,1,2,2026-05-19 00:00:00,1,0,0,Email Campaign,20,Low,47
CUST0241,Vihaan Sharma,Emerging Affluent,Kolkata,West Bengal,Salaried - Private,1.9,809,Digital Adopter,2,N,N,Active,Gold,193340,0,0,66925.72,66925.72,137517.56,36,2,0,0,1,2,2026-05-30 00:00:00,1,1,7733.6,Mobile App,55.8,High,63.7
CUST0242,Ira Menon,Affluent,Kolkata,West Bengal,Salaried - Private,1,806,Digital Native,2,Y,N,Not Offered Yet,0,0,215516.05,0,63633.34,279149.39,0,22,0,1,0,0,2,2026-07-26 00:00:00,0,0,0,Internet Banking,21,Low,62.6
CUST0243,Vihaan Iyer,High Net Worth (HNI),Surat,Gujarat,Self-Employed - Business,4.8,736,Assisted Digital User,2,N,Y,Not Interested,0,0,0,3622888.45,736941.47,4359829.92,0,15,2,1,1,2,3,2026-07-16 00:00:00,1,0,0,Relationship Manager,28.6,Medium,68.9
CUST0244,Karthik Rao,Affluent,Ranchi,Jharkhand,Salaried - Private,7.1,770,Assisted Digital User,1,N,N,Approved-Dormant,Platinum,440415,0,0,138140.46,138140.46,0,10,2,1,0,2,3,2026-07-09 00:00:00,2,1,17616.6,WhatsApp Banking,29.2,Medium,56.9
CUST0245,Ravi Gupta,Affluent,Nagpur,Maharashtra,Salaried - Private,1.6,795,Assisted Digital User,1,N,N,Not Offered Yet,0,0,0,0,140982.59,140982.59,0,12,3,1,1,2,2,2026-07-27 00:00:00,0,0,0,SMS Campaign,10.2,Low,54.8
CUST0246,Meera Patel,Emerging Affluent,Nagpur,Maharashtra,Salaried - Private,2.8,754,Low Digital Engagement,1,N,N,Not Offered Yet,0,0,0,0,97703.36,97703.36,0,7,3,1,1,0,5,2026-07-09 00:00:00,0,0,0,Call Center / IVR,12.6,Low,35.1
CUST0247,Ishaan Deshmukh,Affluent,Varanasi,Uttar Pradesh,Self-Employed - Professional,4,645,Digital Adopter,3,Y,Y,Applied - Rejected,0,0,86861.51,4007317.88,146214.07,4240393.46,0,24,1,0,0,1,3,2026-04-26 00:00:00,1,0,0,Internet Banking,44,Medium,63.2
CUST0248,Rajesh Mukherjee,Affluent,Varanasi,Uttar Pradesh,Salaried - Private,13.7,699,Digital Adopter,3,Y,Y,Approved-Dormant,Gold,165053,1039725.05,3564616.82,69750.92,4674092.79,0,18,2,1,1,2,4,2026-06-14 00:00:00,3,1,9903.18,Relationship Manager,55,High,61.5
CUST0249,Neha Banerjee,Affluent,Pune,Maharashtra,Salaried - Private,4.2,884,Digital Adopter,3,N,Y,Active,Gold,198476,0,1567851.27,160762.65,1728613.92,113934.23,27,2,0,0,2,4,2026-07-05 00:00:00,1,1,7939.04,ATM,72.4,Champion,71
CUST0250,Rahul Reddy,Emerging Affluent,Bandipora,Jammu & Kashmir,Retired,0.4,794,Digital Adopter,1,N,N,Approved-Dormant,Gold,143661,0,0,14644.51,14644.51,0,14,1,1,1,2,2,2026-05-27 00:00:00,2,1,5746.44,SMS Campaign,15.8,Low,48.9
CUST0251,Aditya Kapoor,Affluent,Thiruvananthapuram,Kerala,Self-Employed - Business,0.3,710,Digital Adopter,3,Y,N,Active,Platinum,588659,413100.93,0,206641.51,619742.44,175167.82,27,1,0,0,1,2,2026-07-01 00:00:00,1,1,23546.36,Relationship Manager,64.6,High,59.3
CUST0252,Deepak Mukherjee,Emerging Affluent,Siliguri,West Bengal,Salaried - Private,9.6,856,Digital Adopter,1,N,N,Not Interested,0,0,0,0,14515.54,14515.54,0,19,0,0,0,1,0,2026-06-23 00:00:00,1,0,0,Tele-calling (Outbound),28,Medium,66.1
CUST0253,Reyansh Mehta,Mass Market,Siliguri,West Bengal,Student,1.5,683,Digital Adopter,2,Y,N,Not Offered Yet,0,0,539917.99,0,21188.35,561106.34,0,13,4,0,0,1,6,2026-07-24 00:00:00,0,0,0,Branch,27,Medium,54.7
CUST0254,Priya Rao,Affluent,Pune,Maharashtra,Salaried - Private,20,710,Digital Adopter,2,Y,N,Not Interested,0,0,389349.4,0,49995.92,439345.32,0,24,1,0,0,1,4,2026-06-21 00:00:00,1,0,0,Branch,40,Medium,66.9
CUST0255,Anil Nair,Emerging Affluent,Jammu,Jammu & Kashmir,Retired,0.4,724,Low Digital Engagement,1,N,N,Not Offered Yet,0,0,0,0,59124.97,59124.97,0,14,3,0,0,1,3,2026-07-01 00:00:00,0,0,0,Internet Banking,12.8,Low,46
CUST0256,Rajesh Chatterjee,Emerging Affluent,Coimbatore,Tamil Nadu,Salaried - Government,5.5,710,Digital Native,1,N,N,Not Interested,0,0,0,0,73948.41,73948.41,0,10,4,0,0,3,2,2026-07-11 00:00:00,1,0,0,WhatsApp Banking,23,Medium,59.8
CUST0257,Kabir Malhotra,Affluent,Guwahati,Assam,Self-Employed - Business,9,726,Digital Adopter,2,N,N,Active,Gold,259903,0,0,227972.28,227972.28,136478.41,21,4,0,0,2,5,2026-07-15 00:00:00,1,1,10396.12,SMS Campaign,68,High,54.9
CUST0258,Nisha Chopra,Mass Market,Chandigarh,Chandigarh,Student,2.5,656,Digital Native,1,N,N,Not Offered Yet,0,0,0,0,320,320,0,14,3,1,1,0,6,2026-06-25 00:00:00,0,0,0,Branch,12,Low,39.6
CUST0259,Kirti Malhotra,Mass Market,Mysuru,Karnataka,Student,4.2,708,Digital Adopter,1,N,N,Not Offered Yet,0,0,0,0,6259.27,6259.27,0,12,3,0,0,0,5,2026-07-02 00:00:00,0,0,0,Internet Banking,20.4,Low,48.9
CUST0260,Gaurav Kapoor,Affluent,Delhi,Delhi,Self-Employed - Business,1.6,782,Assisted Digital User,1,N,N,Not Interested,0,0,0,0,72038.96,72038.96,0,10,2,0,0,2,2,2026-06-15 00:00:00,1,0,0,Branch,15.2,Low,73.3
CUST0261,Reyansh Shah,Mass Market,Indore,Madhya Pradesh,Student,8.8,832,Assisted Digital User,1,N,N,Not Offered Yet,0,0,0,0,10187,10187,0,2,1,1,0,0,2,2026-05-30 00:00:00,0,0,0,Email,23,Medium,42.9
CUST0262,Siddharth Patel,Emerging Affluent,Coimbatore,Tamil Nadu,Salaried - Government,5.7,731,Digital Native,1,N,N,Not Offered Yet,0,0,0,0,31768.33,31768.33,0,21,2,1,1,1,4,2026-05-28 00:00:00,0,0,0,ATM,18.4,Low,46.6
CUST0263,Saanvi Chatterjee,Affluent,Mysuru,Karnataka,Self-Employed - Business,11.5,748,Digital Native,2,N,Y,Approved-Dormant,Platinum,656260,0,1526007.11,51700.04,1577707.15,0,16,1,0,0,1,3,2026-07-04 00:00:00,2,1,26250.4,Internet Banking,48,High,82
CUST0264,Priya Singh,Emerging Affluent,Patna,Bihar,Self-Employed - Business,3.4,716,Digital Adopter,2,N,N,Active,Gold,226854,0,0,34608.53,34608.53,230562.62,30,2,0,0,1,3,2026-07-23 00:00:00,1,1,9074.16,Relationship Manager,58.8,High,57.4
CUST0265,Krishna Verma,Mass Market,Jodhpur,Rajasthan,Student,8.8,779,Assisted Digital User,1,N,N,Applied - Rejected,0,0,0,0,4059.33,4059.33,0,9,1,1,1,2,2,2026-07-19 00:00:00,1,0,0,Relationship Manager,23,Medium,36.5
CUST0266,Amit Rao,Affluent,Mysuru,Karnataka,Salaried - Private,0.2,828,Digital Native,1,N,N,Not Offered Yet,0,0,0,0,29364.85,29364.85,0,23,1,0,0,0,1,2026-06-14 00:00:00,0,0,0,WhatsApp Banking,12.4,Low,63.1
CUST0267,Sanjay Deshmukh,Affluent,Ahmedabad,Gujarat,Self-Employed - Professional,1.4,850,Assisted Digital User,1,N,N,Not Offered Yet,0,0,0,0,97574.58,97574.58,0,12,4,0,0,2,2,2026-07-16 00:00:00,0,0,0,WhatsApp Banking,14.8,Low,67.5
CUST0268,Ira Gupta,Affluent,Bengaluru,Karnataka,Salaried - Government,1.7,783,Digital Native,2,N,Y,Approved-Dormant,Gold,222605,0,549893.76,69356,619249.76,0,14,4,0,0,3,4,2026-05-18 00:00:00,3,2,21406.85,Internet Banking,43.4,Medium,81.5
CUST0269,Ishita Chopra,Emerging Affluent,Coimbatore,Tamil Nadu,Salaried - Private,0.2,724,Digital Adopter,2,Y,N,Applied - Rejected,0,0,147057.52,0,46450.03,193507.55,0,24,3,1,0,3,3,2026-06-05 00:00:00,1,0,0,WhatsApp Banking,19.4,Low,60.2
CUST0270,Kavya Joshi,Affluent,Mysuru,Karnataka,Salaried - Private,0.2,653,Digital Native,1,N,N,Not Offered Yet,0,0,0,0,100553.87,100553.87,0,18,1,1,0,0,3,2026-05-10 00:00:00,0,0,0,Call Center / IVR,7.4,Low,55.6
CUST0271,Ishaan Patel,Emerging Affluent,Pune,Maharashtra,Salaried - Private,1.8,802,Digital Adopter,1,N,N,Not Offered Yet,0,0,0,0,89108,89108,0,10,3,0,0,0,3,2026-03-14 00:00:00,0,0,0,Internet Banking,15.6,Low,63.5
CUST0272,Krishna Singh,High Net Worth (HNI),Patna,Bihar,Self-Employed - Business,4.6,695,Digital Adopter,2,N,Y,Not Interested,0,0,0,1718447.73,96923.06,1815370.79,0,20,3,1,1,0,8,2026-07-28 00:00:00,2,0,0,WhatsApp Banking,28.2,Medium,76.7
CUST0273,Shreya Verma,Affluent,Varanasi,Uttar Pradesh,Self-Employed - Business,5.5,881,Digital Adopter,2,N,Y,Not Offered Yet,0,0,0,515961,83157.36,599118.36,0,15,4,0,0,1,5,2026-07-23 00:00:00,1,1,8421.94,Relationship Manager,43,Medium,84.6
CUST0274,Sunita Bansal,Emerging Affluent,Ranchi,Jharkhand,Self-Employed - Professional,6,747,Digital Adopter,1,N,N,Not Offered Yet,0,0,0,0,22880.77,22880.77,0,10,0,0,0,0,1,2026-07-26 00:00:00,0,0,0,ATM,24,Medium,55.8
CUST0275,Kavya Trivedi,Affluent,Varanasi,Uttar Pradesh,Salaried - Private,2.4,793,Digital Adopter,3,Y,N,Active,Platinum,327113,86031.02,0,47357.41,133388.43,325497.14,31,2,0,0,2,4,2026-07-06 00:00:00,1,1,13084.52,Internet Banking,68.8,High,55.6
CUST0276,Rajesh Iyer,Mass Market,Bhopal,Madhya Pradesh,Student,2.7,730,Digital Native,1,N,N,Not Offered Yet,0,0,0,0,5627.66,5627.66,0,7,3,0,0,2,2,2026-07-05 00:00:00,0,0,0,Internet Banking,17.4,Low,51.9
CUST0277,Riya Nair,Emerging Affluent,Kolkata,West Bengal,Salaried - Private,3.1,682,Assisted Digital User,1,N,N,Not Interested,0,0,0,0,21085.39,21085.39,0,9,2,0,0,2,1,2026-07-29 00:00:00,1,0,0,Internet Banking,18.2,Low,47.3
CUST0278,Anjali Kaur,Affluent,Kochi,Kerala,Salaried - Government,1.5,630,Digital Adopter,3,Y,Y,Not Offered Yet,0,0,201605,4737407.14,263673.15,5202685.29,0,15,0,1,0,0,5,2026-07-11 00:00:00,1,0,0,Branch,34,Medium,52.2
CUST0279,Ira Pillai,Affluent,Ranchi,Jharkhand,Self-Employed - Business,2.4,716,Digital Adopter,2,N,Y,Not Interested,0,0,0,1596027.6,48072.49,1644100.09,0,14,2,1,1,2,5,2026-07-28 00:00:00,1,0,0,Branch,23.8,Medium,65.1
CUST0280,Aarav Patel,Affluent,Chennai,Tamil Nadu,Salaried - Private,4.5,751,Digital Native,1,N,N,Approved-Dormant,Gold,277853,0,0,81040.09,81040.09,0,17,1,0,0,2,2,2026-07-25 00:00:00,2,1,11114.12,Email Campaign,29,Medium,73.2
CUST0281,Amit Mukherjee,Affluent,Indore,Madhya Pradesh,Salaried - Private,3.2,701,Digital Native,1,N,N,Not Offered Yet,0,0,0,0,67825.44,67825.44,0,13,3,0,0,0,4,2026-07-30 00:00:00,0,0,0,Branch,18.4,Low,64.8
CUST0282,Vikram Patel,Affluent,Chennai,Tamil Nadu,Retired,2.5,797,Assisted Digital User,1,N,N,Not Interested,0,0,0,0,38691.1,38691.1,0,11,2,0,0,0,3,2026-07-21 00:00:00,1,0,0,Internet Banking,17,Low,54.5
CUST0283,Nikhil Mehta,Affluent,Varanasi,Uttar Pradesh,Self-Employed - Professional,2.7,595,Digital Adopter,3,Y,Y,Not Interested,0,0,249371.26,1044458.1,67507.87,1361337.23,0,21,2,0,0,1,4,2026-07-22 00:00:00,2,0,0,Relationship Manager,41.4,Medium,64.1
CUST0284,Karthik Singh,Affluent,Ahmedabad,Gujarat,Salaried - Government,0.5,770,Digital Adopter,3,Y,N,Active,Platinum,515724,423641.05,0,130176.74,553817.79,409970.14,32,1,0,0,1,3,2026-07-28 00:00:00,1,1,20628.96,Internet Banking,65,High,57.7
CUST0285,Aarav Nair,High Net Worth (HNI),Lucknow,Uttar Pradesh,Salaried - Private,0.2,705,Assisted Digital User,3,Y,N,Active,Signature,870369,803975.92,0,240546.38,1044522.3,873164.9,25,1,0,0,0,4,2026-06-15 00:00:00,1,1,34814.76,Internet Banking,64.4,High,52.7
CUST0286,Anjali Trivedi,Emerging Affluent,Guwahati,Assam,Retired,0.9,726,Digital Adopter,3,Y,Y,Not Offered Yet,0,0,69661.71,4359103.48,20130.77,4448895.96,0,15,1,0,0,1,3,2026-07-07 00:00:00,1,0,0,Branch,37.8,Medium,62.4
CUST0287,Tanya Singh,Affluent,Pune,Maharashtra,Salaried - Private,2.7,711,Digital Adopter,1,N,N,Not Offered Yet,0,0,0,0,35764.67,35764.67,0,10,2,1,1,1,2,2026-05-28 00:00:00,0,0,0,WhatsApp Banking,12.4,Low,65.7
CUST0288,Sanjay Kapoor,Emerging Affluent,Kochi,Kerala,Salaried - Government,1.2,710,Assisted Digital User,2,N,N,Active,Gold,282804,0,0,108724.82,108724.82,240043.41,21,1,0,0,1,1,2026-03-29 00:00:00,1,1,11312.16,SMS Campaign,54.4,High,43
CUST0289,Preeti Menon,Affluent,Warangal,Telangana,Salaried - Private,2.8,706,Digital Adopter,1,N,N,Approved-Dormant,Platinum,459999,0,0,82615.12,82615.12,0,14,0,0,0,1,1,2026-06-23 00:00:00,2,1,18399.96,WhatsApp Banking,25.6,Medium,58
CUST0290,Siddharth Gupta,Affluent,Chennai,Tamil Nadu,Self-Employed - Professional,10.9,674,Assisted Digital User,1,N,N,Approved-Dormant,Platinum,487198,0,0,166194.62,166194.62,0,7,2,0,0,2,1,2026-07-18 00:00:00,2,1,29231.88,Tele-calling (Outbound),36,Medium,51.2
CUST0291,Nikhil Khanna,Emerging Affluent,Guwahati,Assam,Salaried - Government,5.5,601,Digital Adopter,1,N,N,Not Interested,0,0,0,0,50352.34,50352.34,0,11,4,0,0,1,5,2026-07-30 00:00:00,1,0,0,Email,23,Medium,48
CUST0292,Ravi Banerjee,Emerging Affluent,Gurugram,Haryana,Salaried - Private,0.3,645,Digital Adopter,1,N,N,Not Interested,0,0,0,0,79570.17,79570.17,0,10,2,1,1,3,1,2026-06-06 00:00:00,1,0,0,Tele-calling (Outbound),7.6,Low,35.8
CUST0293,Kabir Das,Emerging Affluent,Nagpur,Maharashtra,Salaried - Private,1.9,675,Assisted Digital User,1,N,N,Approved-Dormant,Gold,135800,0,0,84525.06,84525.06,0,11,2,0,0,2,3,2026-07-16 00:00:00,2,1,5432,Branch,23.8,Medium,39.1
CUST0294,Arjun Nair,Emerging Affluent,Rajkot,Gujarat,Retired,0.6,712,Assisted Digital User,2,N,Y,Approved-Dormant,Platinum,370144,0,1773813.65,99743.76,1873557.41,0,12,1,0,0,1,2,2026-03-08 00:00:00,2,1,14805.76,Internet Banking,33.2,Medium,56.3
CUST0295,Riya Patel,Emerging Affluent,Warangal,Telangana,Salaried - Private,5.2,706,Digital Adopter,1,N,N,Not Offered Yet,0,0,0,0,33686.64,33686.64,0,16,2,0,0,0,3,2026-07-11 00:00:00,0,0,0,WhatsApp Banking,22.4,Medium,46.4
CUST0296,Siddharth Kulkarni,Affluent,Jodhpur,Rajasthan,Salaried - Private,3.2,673,Digital Native,1,N,N,Not Interested,0,0,0,0,102793.83,102793.83,0,8,2,0,0,2,2,2026-07-23 00:00:00,1,0,0,Email Campaign,18.4,Low,65.3
CUST0297,Divya Kapoor,Mass Market,Varanasi,Uttar Pradesh,Student,3.8,744,Digital Native,1,N,N,Not Interested,0,0,0,0,7739.46,7739.46,0,15,2,0,0,1,4,2026-07-18 00:00:00,1,0,0,Branch,19.6,Low,56.1
CUST0298,Rahul Chopra,Emerging Affluent,Varanasi,Uttar Pradesh,Salaried - Government,2.7,804,Assisted Digital User,2,Y,N,Not Offered Yet,0,0,445514.23,0,48114.62,493628.85,0,16,0,0,0,0,2,2026-05-28 00:00:00,0,0,0,Internet Banking,29.4,Medium,67.5
CUST0299,Aniket Bansal,Emerging Affluent,Faridabad,Haryana,Retired,3.4,683,Digital Adopter,1,N,N,Applied - Rejected,0,0,0,0,24640.26,24640.26,0,8,3,1,0,1,6,2026-06-06 00:00:00,1,0,0,ATM,13.8,Low,39.4
CUST0300,Kavita Trivedi,High Net Worth (HNI),Chandigarh,Chandigarh,Self-Employed - Professional,4,710,Assisted Digital User,3,Y,N,Active,Platinum,758426,340550.57,0,242895.48,583446.05,204155.72,24,2,0,0,3,1,2026-05-24 00:00:00,1,1,30337.04,Internet Banking,72,Champion,53.4
